date, pm25, pm10, o3, no2
2025/11/1, 57, 12, 17, 10
2025/11/2, 33, 7, 17, 13
2025/11/3, 18, 16, 8, 17
2025/11/4, 33, 26, 4, 18
2025/11/5, 49, 28, 4, 16
2025/11/6, 57, 28, 1, 11
2025/11/7, 63, 20, 3, 13
2025/11/8, 59, 20, 5, 13
2025/11/9, 65, 20, 11, 12
2025/11/10, 52, 28, 9, 15
2025/11/11, 49, 30, 2, 16
2025/11/12, 56, 41, , 15
2025/11/13, 65, , , 
2025/10/1, 56, 21, 22, 11
2025/10/2, 47, 18, 19, 12
2025/10/3, 49, 17, 21, 7
2025/10/4, 43, 12, 18, 6
2025/10/5, 24, 11, 17, 10
2025/10/6, 26, 13, 13, 9
2025/10/7, 28, 18, 15, 11
2025/10/8, 39, 18, 12, 9
2025/10/9, 43, 21, 18, 10
2025/10/10, 52, 23, 24, 8
2025/10/11, 55, 17, 25, 7
2025/10/12, 50, 16, 18, 8
2025/10/13, 42, 19, 20, 10
2025/10/14, 38, 20, 15, 13
2025/10/15, 41, 19, 18, 10
2025/10/16, 40, 20, 14, 12
2025/10/17, 39, 19, 24, 8
2025/10/18, 40, 11, 12, 10
2025/10/19, 31, 27, 12, 17
2025/10/20, 56, 20, 15, 12
2025/10/21, 36, 12, 11, 12
2025/10/22, 23, 13, 24, 10
2025/10/23, 21, 9, 24, 8
2025/10/24, 15, 8, 18, 9
2025/10/25, 19, 6, 23, 6
2025/10/26, 17, 5, 21, 7
2025/10/27, 15, 10, 17, 10
2025/10/28, 21, 16, 15, 16
2025/10/29, 23, 25, 20, 13
2025/10/30, 34, 18, 5, 16
2025/10/31, 38, 24, 17, 14
2025/7/1, 50, 28, 47, 13
2025/7/2, 56, 26, 39, 6
2025/7/3, 54, 19, 46, 7
2025/7/4, 49, 16, 48, 11
2025/7/5, 37, 15, 38, 9
2025/7/6, 29, 11, 21, 6
2025/7/7, 20, 9, 29, 6
2025/7/8, 18, 12, 31, 7
2025/7/9, 24, 16, 41, 11
2025/7/10, 32, 18, 37, 8
2025/7/11, 37, 13, 36, 7
2025/7/12, 29, 13, 38, 9
2025/7/13, 34, 18, 26, 10
2025/7/14, 37, 23, 29, 8
2025/7/15, 44, 24, 24, 8
2025/7/16, 44, 18, 34, 7
2025/7/17, 29, 15, 46, 10
2025/7/18, 31, 17, 43, 11
2025/7/19, 40, 13, 39, 6
2025/7/20, 33, 11, 23, 8
2025/7/21, 27, 9, 23, 7
2025/7/22, 18, 9, 30, 7
2025/7/23, 19, 14, 31, 11
2025/7/24, 28, 13, 32, 10
2025/7/25, 29, 14, 30, 10
2025/7/26, 36, 13, 23, 7
2025/7/27, 39, 8, 22, 6
2025/7/28, 25, 11, 29, 7
2025/7/29, 32, 13, 24, 10
2025/7/30, 33, 14, 24, 9
2025/7/31, 32, 14, 18, 8
2025/8/1, 29, 11, 24, 6
2025/8/2, 26, 9, 23, 4
2025/8/3, 26, 13, 15, 9
2025/8/4, 31, 22, 25, 10
2025/8/5, 38, 17, 34, 6
2025/8/6, 30, 17, 45, 9
2025/8/7, 32, 21, 51, 10
2025/8/8, 40, 24, 57, 11
2025/8/9, 49, 23, 48, 5
2025/8/10, 54, 18, 47, 7
2025/8/11, 47, 31, 56, 11
2025/8/12, 62, 40, 49, 12
2025/8/13, 72, 40, 65, 11
2025/8/14, 67, 43, 70, 13
2025/8/15, 75, 37, 45, 4
2025/8/16, 70, 21, 36, 2
2025/8/17, 53, 14, 38, 3
2025/8/18, 34, 17, 48, 9
2025/8/19, 34, 23, 34, 12
2025/8/20, 45, 26, 32, 8
2025/8/21, 53, 21, 34, 5
2025/8/22, 43, 13, 33, 6
2025/8/23, 23, 12, 38, 5
2025/8/24, 27, 13, 46, 9
2025/8/25, 29, 25, 46, 15
2025/8/26, 38, 33, 28, 12
2025/8/27, 56, 24, 22, 12
2025/8/28, 52, 13, 26, 10
2025/8/29, 26, 9, 22, 6
2025/8/30, 19, 7, 23, 6
2025/8/31, 19, 9, 19, 11
2025/9/1, 18, 11, 23, 7
2025/9/2, 16, 12, 18, 10
2025/9/3, 20, 16, 20, 9
2025/9/4, 26, 12, 19, 10
2025/9/5, 22, 10, 31, 7
2025/9/6, 21, 9, 28, 9
2025/9/7, 26, 14, 15, 12
2025/9/8, 35, 21, 24, 10
2025/9/9, 51, 19, 16, 9
2025/9/10, 33, 16, 20, 9
2025/9/11, 28, 11, 19, 9
2025/9/12, 22, 11, 22, 10
2025/9/13, 28, 10, 21, 6
2025/9/14, 27, 8, 16, 6
2025/9/15, 17, 12, 21, 7
2025/9/16, 22, 12, 21, 10
2025/9/17, 22, 22, 27, 12
2025/9/18, 34, 27, 29, 17
2025/9/19, 46, 30, 27, 15
2025/9/20, 56, 22, 25, 9
2025/9/21, 50, 8, 21, 3
2025/9/22, 16, 16, 17, 5
2025/9/23, 22, 18, 15, 7
2025/9/24, 31, 11, 9, 9
2025/9/25, 23, 12, 7, 7
2025/9/26, 27, 16, 12, 7
2025/9/27, 44, 14, 17, 7
2025/9/28, 45, 21, 20, 9
2025/9/29, 53, 29, 21, 10
2025/9/30, 65, 23, 23, 8
2025/4/1, 33, 20, 39, 5
2025/4/2, 43, 24, 38, 8
2025/4/3, 54, 23, 40, 16
2025/4/4, 52, 22, 40, 13
2025/4/5, 50, 15, 37, 2
2025/4/6, 36, 10, 36, 6
2025/4/7, 19, 17, 36, 13
2025/4/8, 31, 21, 40, 15
2025/4/9, 40, 25, 32, 16
2025/4/10, 51, 32, 37, 15
2025/4/11, 67, 29, 40, 15
2025/4/12, 57, 28, 30, 15
2025/4/13, 53, 16, 36, 9
2025/4/14, 42, 19, 24, 14
2025/4/15, 47, 20, 27, 11
2025/4/16, 42, 16, 24, 7
2025/4/17, 34, 12, 26, 5
2025/4/18, 39, 11, 34, 8
2025/4/19, 37, 13, 35, 11
2025/4/20, 39, 9, 29, 9
2025/4/21, 23, 9, 25, 10
2025/4/22, 21, 14, 30, 12
2025/4/23, 31, 12, 23, 10
2025/4/24, 26, 11, 23, 8
2025/4/25, 25, 16, 27, 8
2025/4/26, 49, 16, 39, 10
2025/4/27, 47, 14, 47, 11
2025/4/28, 34, 20, 50, 13
2025/4/29, 43, 25, 56, 14
2025/4/30, 53, 23, 48, 11
2025/5/1, 55, 27, 50, 15
2025/5/2, 56, 33, 30, 11
2025/5/3, 58, 19, 29, 5
2025/5/4, 45, 14, 29, 4
2025/5/5, 33, 17, 36, 6
2025/5/6, 32, 19, 37, 9
2025/5/7, 31, 21, 36, 5
2025/5/8, 40, 19, 42, 4
2025/5/9, 46, 15, 46, 7
2025/5/10, 30, 14, 43, 9
2025/5/11, 34, 12, 40, 7
2025/5/12, 25, 17, 48, 10
2025/5/13, 33, 22, 55, 13
2025/5/14, 48, 23, 41, 8
2025/5/15, 48, 18, 38, 11
2025/5/16, 30, 15, 41, 7
2025/5/17, 30, 17, 41, 8
2025/5/18, 46, 17, 45, 7
2025/5/19, 42, 19, 45, 9
2025/5/20, 34, 18, 31, 12
2025/5/21, 35, 15, 33, 7
2025/5/22, 40, 16, 34, 9
2025/5/23, 38, 14, 38, 9
2025/5/24, 29, 12, 26, 8
2025/5/25, 32, 13, 32, 6
2025/5/26, 31, 15, 29, 11
2025/5/27, 30, 16, 25, 9
2025/5/28, 31, 12, 33, 7
2025/5/29, 28, 13, 34, 10
2025/5/30, 31, 16, 41, 10
2025/5/31, 40, 17, 33, 8
2025/6/1, 40, 16, 21, 11
2025/6/2, 40, 14, 26, 8
2025/6/3, 32, 15, 23, 11
2025/6/4, 38, 13, 23, 9
2025/6/5, 29, 12, 17, 8
2025/6/6, 25, 10, 18, 8
2025/6/7, 21, 9, 24, 5
2025/6/8, 28, 10, 35, 4
2025/6/9, 28, 18, 39, 10
2025/6/10, 55, 27, 45, 5
2025/6/11, 67, 23, 49, 8
2025/6/12, 55, 27, 55, 9
2025/6/13, 58, 30, 48, 11
2025/6/14, 61, 30, 38, 7
2025/6/15, 67, 13, 37, 6
2025/6/16, 39, 18, 41, 7
2025/6/17, 38, 23, 51, 10
2025/6/18, 47, 23, 62, 7
2025/6/19, 59, 16, 38, 3
2025/6/20, 44, 18, 49, 8
2025/6/21, 41, 19, 47, 10
2025/6/22, 51, 25, 31, 8
2025/6/23, 55, 23, 33, 8
2025/6/24, 37, 26, 41, 10
2025/6/25, 39, 28, 34, 11
2025/6/26, 46, 18, 20, 7
2025/6/27, 33, 12, 31, 6
2025/6/28, 28, 13, 38, 6
2025/6/29, 35, 14, 41, 7
2025/6/30, 35, 23, 34, 15
2025/1/1, 141, 29, 23, 11
2025/1/2, 65, 8, 19, 12
2025/1/3, 24, 13, 13, 15
2025/1/4, 35, 21, 17, 14
2025/1/5, 54, 13, 20, 13
2025/1/6, 38, 11, 18, 12
2025/1/7, 25, 8, 19, 16
2025/1/8, 20, 10, 22, 15
2025/1/9, 32, 10, 21, 16
2025/1/10, 20, 16, 15, 15
2025/1/11, 44, 16, 19, 10
2025/1/12, 53, 16, 17, 17
2025/1/13, 50, 27, 4, 24
2025/1/14, 65, 38, 1, 22
2025/1/15, 85, 28, 10, 15
2025/1/16, 74, 25, 14, 13
2025/1/17, 64, 29, 13, 10
2025/1/18, 71, 34, 4, 15
2025/1/19, 89, 35, , 16
2025/1/20, 94, 42, , 21
2025/1/21, 105, 42, , 22
2025/1/22, 108, 33, 15, 17
2025/1/23, 78, 38, 17, 20
2025/1/24, 48, 53, 6, 26
2025/1/25, 62, 42, 27, 14
2025/1/26, 58, 17, 24, 13
2025/1/27, 26, 14, 21, 14
2025/1/28, 22, 19, 22, 14
2025/1/29, 25, 29, 17, 20
2025/1/30, 49, 22, 23, 13
2025/1/31, 39, 21, 18, 17
2025/2/1, 53, 20, 16, 14
2025/2/2, 59, 23, 8, 15
2025/2/3, 67, 29, 6, 14
2025/2/4, 70, 37, 5, 19
2025/2/5, 82, 34, 18, 12
2025/2/6, 82, 22, 21, 10
2025/2/7, 59, 35, 10, 18
2025/2/8, 88, 47, 7, 19
2025/2/9, 118, 56, 5, 17
2025/2/10, 146, 57, 3, 17
2025/2/11, 143, 32, 4, 20
2025/2/12, 80, 17, 14, 14
2025/2/13, 50, 26, 15, 12
2025/2/14, 79, 37, 18, 9
2025/2/15, 99, 28, 20, 7
2025/2/16, 80, 22, 25, 10
2025/2/17, 65, 28, 24, 13
2025/2/18, 71, 35, 20, 14
2025/2/19, 87, 46, 3, 21
2025/2/20, 103, 48, 11, 20
2025/2/21, 102, 43, 8, 22
2025/2/22, 80, 33, 26, 15
2025/2/23, 60, 23, 11, 18
2025/2/24, 48, 29, 17, 16
2025/2/25, 49, 18, 21, 12
2025/2/26, 31, 15, 24, 14
2025/2/27, 32, 13, 19, 12
2025/2/28, 25, 16, 22, 9
2025/3/1, 48, 12, 29, 10
2025/3/2, 44, 19, 22, 20
2025/3/3, 51, 30, 19, 24
2025/3/4, 63, 37, 20, 24
2025/3/5, 72, 40, 25, 24
2025/3/6, 80, 36, 29, 25
2025/3/7, 70, 43, 31, 24
2025/3/8, 88, 42, 31, 22
2025/3/9, 94, 42, 13, 23
2025/3/10, 90, 24, 17, 17
2025/3/11, 53, 22, 16, 13
2025/3/12, 61, 24, 18, 10
2025/3/13, 72, 18, 15, 10
2025/3/14, 55, 22, 24, 7
2025/3/15, 64, 20, 22, 8
2025/3/16, 64, 25, 29, 13
2025/3/17, 69, 17, 29, 8
2025/3/18, 39, 21, 23, 21
2025/3/19, 48, 36, 21, 24
2025/3/20, 71, 34, 30, 18
2025/3/21, 60, 25, 32, 11
2025/3/22, 49, 24, 26, 15
2025/3/23, 57, 17, 26, 16
2025/3/24, 41, 25, 28, 14
2025/3/25, 54, 41, 25, 11
2025/3/26, 94, 23, 29, 9
2025/3/27, 61, 24, 29, 17
2025/3/28, 57, 32, 23, 11
2025/3/29, 76, 20, 30, 10
2025/3/30, 57, 13, 27, 8
2025/3/31, 31, 15, 31, 7
2024/10/1, 29, 10, 19, 11
2024/10/2, 24, 11, 22, 7
2024/10/3, 29, 9, 21, 6
2024/10/4, 24, 10, 17, 7
2024/10/5, 26, 11, 14, 9
2024/10/6, 37, 14, 8, 13
2024/10/7, 35, 17, 8, 15
2024/10/8, 33, 16, 12, 14
2024/10/9, 27, 17, 20, 10
2024/10/10, 27, 9, 22, 11
2024/10/11, 17, 12, 17, 13
2024/10/12, 33, 10, 25, 8
2024/10/13, 26, 18, 2, 17
2024/10/14, 33, 28, 9, 10
2024/10/15, 55, 21, 10, 9
2024/10/16, 51, 27, 2, 12
2024/10/17, 54, 33, 1, 11
2024/10/18, 60, 26, 7, 11
2024/10/19, 60, 19, 9, 9
2024/10/20, 50, 25, 8, 14
2024/10/21, 52, 33, 12, 15
2024/10/22, 54, 21, 15, 10
2024/10/23, 42, 22, 6, 9
2024/10/24, 52, 22, 12, 12
2024/10/25, 50, 20, 8, 8
2024/10/26, 48, 18, 4, 8
2024/10/27, 54, 20, 6, 13
2024/10/28, 53, 24, 9, 15
2024/10/29, 52, 24, 9, 14
2024/10/30, 53, 23, 6, 10
2024/10/31, 60, 17, 9, 6
2024/11/1, 53, 16, 14, 5
2024/11/2, 53, 13, 15, 6
2024/11/3, 47, 19, 9, 9
2024/11/4, 60, 22, 3, 10
2024/11/5, 57, 29, 3, 12
2024/11/6, 61, 31, 8, 9
2024/11/7, 72, 24, 3, 10
2024/11/8, 62, 17, 3, 9
2024/11/9, 47, 20, , 10
2024/11/10, 58, 19, 3, 13
2024/11/11, 58, 19, 17, 8
2024/11/12, 52, 23, 10, 9
2024/11/13, 64, 21, 3, 13
2024/11/14, 60, 20, 13, 14
2024/11/15, 55, 25, 8, 13
2024/11/16, 67, 19, 16, 9
2024/11/17, 61, 10, 17, 10
2024/11/18, 28, 13, 24, 9
2024/11/19, 23, 14, 20, 10
2024/11/20, 21, 11, 20, 11
2024/11/21, 20, 21, 19, 13
2024/11/22, 33, 19, 19, 13
2024/11/23, 32, 20, 20, 13
2024/11/24, 35, 26, 24, 23
2024/11/25, 48, 26, 16, 15
2024/11/26, 46, 19, 19, 15
2024/11/27, 45, 16, 22, 11
2024/11/28, 32, 15, 8, 15
2024/11/29, 34, 19, 6, 19
2024/11/30, 55, 22, 4, 14
2024/12/1, 66, 26, , 18
2024/12/2, 71, 21, 11, 15
2024/12/3, 51, 11, 15, 15
2024/12/4, 30, 19, 16, 18
2024/12/5, 48, 15, 21, 9
2024/12/6, 37, 15, 10, 18
2024/12/7, 34, 12, 10, 14
2024/12/8, 36, 13, 11, 8
2024/12/9, 44, 14, 4, 7
2024/12/10, 42, 14, 9, 8
2024/12/11, 39, 20, 10, 10
2024/12/12, 58, 25, 9, 12
2024/12/13, 69, 27, 7, 14
2024/12/14, 74, 17, 18, 8
2024/12/15, 52, 11, 20, 13
2024/12/16, 25, 15, 9, 13
2024/12/17, 44, 26, 3, 24
2024/12/18, 58, 30, 22, 14
2024/12/19, 52, 11, 21, 12
2024/12/20, 25, 13, 19, 12
2024/12/21, 35, 8, 24, 7
2024/12/22, 24, 8, 21, 13
2024/12/23, 21, 10, 20, 9
2024/12/24, 28, 14, 8, 17
2024/12/25, 47, 19, 7, 17
2024/12/26, 60, 18, 3, 17
2024/12/27, 60, 27, 2, 15
2024/12/28, 79, 33, 5, 12
2024/12/29, 94, , , 
2024/7/1, 27, 11, 21, 9
2024/7/2, 28, 10, 19, 9
2024/7/3, 24, 13, 20, 8
2024/7/4, 24, 16, 18, 9
2024/7/5, 28, 17, 23, 12
2024/7/6, 39, 11, 29, 5
2024/7/7, 25, 11, 35, 9
2024/7/8, 24, 16, 31, 11
2024/7/9, 34, 20, 26, 10
2024/7/10, 46, 17, 30, 6
2024/7/11, 39, 16, 24, 9
2024/7/12, 36, 11, 34, 5
2024/7/13, 27, 9, 36, 7
2024/7/14, 25, 14, 38, 8
2024/7/15, 31, 17, 22, 5
2024/7/16, 33, 11, 32, 6
2024/7/17, 23, 15, 39, 7
2024/7/18, 29, 20, 48, 9
2024/7/19, 43, 22, 53, 7
2024/7/20, 55, 21, 37, 9
2024/7/21, 58, 13, 29, 6
2024/7/22, 36, 11, 24, 7
2024/7/23, 26, 11, 30, 4
2024/7/24, 26, 14, 41, 7
2024/7/25, 34, 18, 38, 9
2024/7/26, 38, 20, 32, 10
2024/7/27, 48, 13, 37, 3
2024/7/28, 38, 13, 39, 7
2024/7/29, 39, 19, 49, 13
2024/7/30, 46, 25, 54, 11
2024/7/31, 53, 25, 27, 9
2024/8/1, 53, 18, 43, 6
2024/8/2, 45, 14, 31, 6
2024/8/3, 39, 13, 25, 4
2024/8/4, 43, 9, 35, 4
2024/8/5, 26, 15, 41, 8
2024/8/6, 39, 19, 31, 10
2024/8/7, 45, 14, 36, 7
2024/8/8, 32, 13, 29, 11
2024/8/9, 31, 17, 31, 7
2024/8/10, 32, 15, 40, 6
2024/8/11, 31, 15, 42, 13
2024/8/12, 33, 22, 48, 11
2024/8/13, 45, 17, 47, 8
2024/8/14, 39, 13, 41, 8
2024/8/15, 32, 14, 38, 9
2024/8/16, 32, 12, 29, 7
2024/8/17, 27, 9, 23, 5
2024/8/18, 22, 9, 33, 5
2024/8/19, 26, 14, 22, 8
2024/8/20, 39, 12, 29, 10
2024/8/21, 33, 11, 35, 11
2024/8/22, 26, 15, 31, 15
2024/8/23, 32, 19, 37, 14
2024/8/24, 46, 17, 31, 5
2024/8/25, 44, 9, 35, 9
2024/8/26, 23, 13, 36, 11
2024/8/27, 29, 15, 40, 13
2024/8/28, 37, 23, 45, 17
2024/8/29, 53, 27, 45, 14
2024/8/30, 59, 28, 50, 9
2024/8/31, 64, 28, 47, 11
2024/9/1, 71, 23, 33, 12
2024/9/2, 60, 19, 39, 13
2024/9/3, 48, 19, 34, 10
2024/9/4, 48, 20, 41, 8
2024/9/5, 53, 17, 28, 8
2024/9/6, 39, 14, 45, 9
2024/9/7, 31, 18, 28, 9
2024/9/8, 48, 9, 27, 9
2024/9/9, 23, 8, 24, 7
2024/9/10, 19, 11, 19, 9
2024/9/11, 26, 9, 19, 10
2024/9/12, 21, 9, 20, 8
2024/9/13, 23, 9, 26, 7
2024/9/14, 23, 8, 31, 8
2024/9/15, 21, 11, 18, 12
2024/9/16, 34, 18, 19, 9
2024/9/17, 48, 37, 33, 10
2024/9/18, 67, 46, 40, 12
2024/9/19, 71, 33, 33, 14
2024/9/20, 67, 29, 35, 15
2024/9/21, 66, 25, 32, 13
2024/9/22, 65, 26, 23, 13
2024/9/23, 64, 18, 26, 11
2024/9/24, 37, 13, 24, 11
2024/9/25, 30, 11, 25, 10
2024/9/26, 25, 8, 22, 11
2024/9/27, 17, 9, 23, 9
2024/9/28, 19, 8, 29, 8
2024/9/29, 24, 10, 16, 14
2024/9/30, 24, 14, 20, 11
2024/4/1, 43, 8, 31, 8
2024/4/2, 16, 11, 25, 11
2024/4/3, 22, 9, 24, 10
2024/4/4, 21, 13, 25, 15
2024/4/5, 26, 28, 28, 19
2024/4/6, 48, 24, 36, 14
2024/4/7, 53, 41, 25, 20
2024/4/8, 60, 60, 30, 12
2024/4/9, 74, 18, 36, 9
2024/4/10, 26, 16, 36, 15
2024/4/11, 34, 23, 39, 17
2024/4/12, 45, 26, 45, 18
2024/4/13, 54, 23, 32, 12
2024/4/14, 55, 16, 40, 9
2024/4/15, 34, 15, 31, 7
2024/4/16, 21, 10, 27, 8
2024/4/17, 18, 9, 24, 11
2024/4/18, 26, 13, 22, 13
2024/4/19, 31, 10, 29, 7
2024/4/20, 23, 7, 30, 5
2024/4/21, 19, 9, 33, 5
2024/4/22, 24, 14, 34, 8
2024/4/23, 35, 17, 27, 13
2024/4/24, 44, 12, 29, 11
2024/4/25, 29, 16, 25, 16
2024/4/26, 34, 13, 36, 12
2024/4/27, 27, 12, 35, 15
2024/4/28, 28, 10, 39, 8
2024/4/29, 21, 21, 40, 15
2024/4/30, 36, 51, 46, 12
2024/5/1, 71, 35, 29, 13
2024/5/2, 60, 15, 26, 9
2024/5/3, 30, 12, 31, 10
2024/5/4, 27, 9, 25, 7
2024/5/5, 23, 10, 22, 11
2024/5/6, 20, 13, 28, 7
2024/5/7, 22, 13, 24, 10
2024/5/8, 32, 16, 43, 9
2024/5/9, 50, 19, 46, 11
2024/5/10, 50, 22, 51, 13
2024/5/11, 52, 20, 45, 13
2024/5/12, 52, 15, 38, 13
2024/5/13, 40, 17, 47, 11
2024/5/14, 43, 14, 34, 8
2024/5/15, 32, 13, 38, 8
2024/5/16, 35, 7, 25, 10
2024/5/17, 15, 6, 30, 8
2024/5/18, 16, 7, 29, 6
2024/5/19, 19, 9, 39, 8
2024/5/20, 27, 10, 24, 12
2024/5/21, 30, 9, 26, 9
2024/5/22, 20, 11, 27, 11
2024/5/23, 28, 10, 29, 10
2024/5/24, 28, 8, 33, 9
2024/5/25, 23, 9, 35, 10
2024/5/26, 26, 9, 24, 9
2024/5/27, 26, 9, 35, 7
2024/5/28, 22, 10, 21, 11
2024/5/29, 21, 8, 30, 4
2024/5/30, 20, 7, 24, 8
2024/5/31, 22, 9, 25, 8
2024/6/1, 31, 10, 25, 7
2024/6/2, 35, 17, 28, 8
2024/6/3, 54, 23, 31, 12
2024/6/4, 60, 20, 29, 10
2024/6/5, 52, 16, 32, 8
2024/6/6, 42, 14, 41, 10
2024/6/7, 36, 16, 38, 12
2024/6/8, 45, 15, 40, 5
2024/6/9, 47, 12, 34, 7
2024/6/10, 33, 10, 31, 5
2024/6/11, 20, 11, 37, 8
2024/6/12, 24, 13, 37, 7
2024/6/13, 31, 15, 24, 14
2024/6/14, 33, 14, 23, 9
2024/6/15, 30, 9, 26, 9
2024/6/16, 23, 10, 15, 8
2024/6/17, 24, 15, 28, 13
2024/6/18, 27, 20, 36, 8
2024/6/19, 44, 14, 26, 8
2024/6/20, 35, 28, 27, 13
2024/6/21, 59, 17, 27, 9
2024/6/22, 41, 9, 32, 5
2024/6/23, 26, 15, 40, 7
2024/6/24, 43, 18, 45, 7
2024/6/25, 45, 21, 34, 13
2024/6/26, 51, 21, 37, 13
2024/6/27, 54, 20, 33, 9
2024/6/28, 55, 21, 38, 9
2024/6/29, 56, 28, 31, 7
2024/6/30, 57, 10, 24, 9
2024/1/1, 61, 9, 26, 8
2024/1/2, 25, 6, 25, 8
2024/1/3, 17, 6, 26, 11
2024/1/4, 18, 9, 13, 17
2024/1/5, 27, 9, 17, 8
2024/1/6, 30, 11, 22, 4
2024/1/7, 46, 11, 23, 5
2024/1/8, 39, 20, 16, 11
2024/1/9, 58, 30, 10, 17
2024/1/10, 76, 45, 3, 20
2024/1/11, 112, 52, 10, 18
2024/1/12, 139, 36, 12, 11
2024/1/13, 99, 32, 9, 11
2024/1/14, 83, 31, 19, 11
2024/1/15, 78, 25, 16, 20
2024/1/16, 49, 40, 12, 24
2024/1/17, 67, 18, 16, 12
2024/1/18, 43, 18, 18, 14
2024/1/19, 59, 27, 15, 17
2024/1/20, 73, 36, 17, 22
2024/1/21, 84, 31, 22, 15
2024/1/22, 59, 14, 23, 13
2024/1/23, 28, 13, 24, 10
2024/1/24, 28, 16, 26, 13
2024/1/25, 36, 13, 18, 13
2024/1/26, 30, 12, 15, 17
2024/1/27, 29, 20, 8, 20
2024/1/28, 57, 26, 3, 23
2024/1/29, 64, 39, 2, 25
2024/1/30, 74, 49, 6, 22
2024/1/31, 86, 29, 14, 15
2024/2/1, 63, 15, 12, 18
2024/2/2, 38, 16, 17, 16
2024/2/3, 36, 10, 20, 9
2024/2/4, 23, 11, 15, 13
2024/2/5, 22, 20, 21, 13
2024/2/6, 45, 18, 24, 8
2024/2/7, 34, 14, 21, 9
2024/2/8, 26, 23, 14, 14
2024/2/9, 43, 18, 4, 13
2024/2/10, 47, 17, 23, 8
2024/2/11, 54, 9, 18, 10
2024/2/12, 21, 11, 24, 13
2024/2/13, 23, 15, 16, 17
2024/2/14, 36, 16, 15, 16
2024/2/15, 32, 23, 12, 18
2024/2/16, 46, 17, 25, 11
2024/2/17, 43, 16, 17, 13
2024/2/18, 53, 12, 21, 10
2024/2/19, 35, 11, 24, 10
2024/2/20, 27, 14, 19, 14
2024/2/21, 37, 12, 35, 10
2024/2/22, 26, 8, 32, 11
2024/2/23, 17, 10, 26, 12
2024/2/24, 24, 10, 27, 15
2024/2/25, 29, 12, 18, 14
2024/2/26, 26, 17, 22, 8
2024/2/27, 42, 25, 19, 10
2024/2/28, 69, 33, 15, 15
2024/2/29, 80, 37, 10, 17
2024/3/1, 81, 25, 25, 12
2024/3/2, 63, 22, 18, 15
2024/3/3, 64, 22, 12, 13
2024/3/4, 65, 24, 19, 12
2024/3/5, 72, 13, 15, 14
2024/3/6, 43, 27, 20, 8
2024/3/7, 74, 32, 20, 10
2024/3/8, 79, 25, 27, 14
2024/3/9, 67, 16, 18, 15
2024/3/10, 49, 10, 26, 12
2024/3/11, 27, 11, 18, 12
2024/3/12, 28, 14, 19, 13
2024/3/13, 36, 17, 16, 14
2024/3/14, 33, 17, 25, 13
2024/3/15, 34, 10, 26, 8
2024/3/16, 21, 9, 27, 10
2024/3/17, 30, 14, 12, 17
2024/3/18, 46, 17, 23, 14
2024/3/19, 49, 18, 26, 18
2024/3/20, 43, 23, 28, 19
2024/3/21, 49, 27, 31, 18
2024/3/22, 61, 19, 28, 11
2024/3/23, 45, 7, 30, 6
2024/3/24, 19, 8, 32, 7
2024/3/25, 20, 13, 26, 14
2024/3/26, 29, 20, 22, 15
2024/3/27, 44, 12, 29, 13
2024/3/28, 25, 11, 25, 11
2024/3/29, 23, 31, 19, 19
2024/3/30, 48, 56, 30, 9
2024/3/31, 74, 25, 30, 5
2023/10/1, 49, 20, 32, 18
2023/10/2, 58, 31, 30, 12
2023/10/3, 76, 14, 27, 10
2023/10/4, 35, 11, 23, 13
2023/10/5, 27, 17, 21, 15
2023/10/6, 45, 18, 16, 19
2023/10/7, 51, 19, 25, 16
2023/10/8, 49, 38, 5, 22
2023/10/9, 61, 46, 17, 21
2023/10/10, 69, 37, 21, 21
2023/10/11, 63, 37, 15, 24
2023/10/12, 63, 38, 20, 22
2023/10/13, 63, 28, 25, 9
2023/10/14, 51, 9, 24, 9
2023/10/15, 25, 10, 25, 10
2023/10/16, 27, 14, 11, 13
2023/10/17, 38, 22, 6, 14
2023/10/18, 60, 22, 2, 16
2023/10/19, 61, 18, 16, 15
2023/10/20, 51, 9, 21, 12
2023/10/21, 26, 9, 25, 12
2023/10/22, 26, 13, 2, 18
2023/10/23, 34, 20, 10, 16
2023/10/24, 50, 13, 21, 13
2023/10/25, 33, 10, 16, 13
2023/10/26, 20, 8, 17, 12
2023/10/27, 22, 8, 23, 13
2023/10/28, 22, 11, 20, 14
2023/10/29, 31, 9, 22, 13
2023/10/30, 24, 10, 20, 12
2023/10/31, 21, 10, 22, 10
2023/11/1, 24, 7, 17, 13
2023/11/2, 18, 7, 16, 11
2023/11/3, 18, 8, 20, 12
2023/11/4, 22, 6, 25, 7
2023/11/5, 18, 6, 18, 12
2023/11/6, 16, 7, 16, 11
2023/11/7, 17, 8, 16, 16
2023/11/8, 20, 12, 17, 16
2023/11/9, 33, 8, 18, 12
2023/11/10, 21, 7, 23, 9
2023/11/11, 20, 7, 14, 11
2023/11/12, 24, 10, 18, 15
2023/11/13, 30, 11, 25, 12
2023/11/14, 26, 8, 25, 11
2023/11/15, 20, 8, 14, 13
2023/11/16, 23, 7, 20, 12
2023/11/17, 21, 8, 12, 13
2023/11/18, 25, 8, 24, 9
2023/11/19, 25, 11, 20, 13
2023/11/20, 30, 11, 14, 12
2023/11/21, 27, 10, 15, 7
2023/11/22, 29, 15, 18, 13
2023/11/23, 47, 9, 23, 11
2023/11/24, 23, 7, 24, 8
2023/11/25, 19, 7, 17, 9
2023/11/26, 23, 9, 21, 13
2023/11/27, 27, 6, 18, 9
2023/11/28, 17, 12, 9, 15
2023/11/29, 37, 22, 4, 22
2023/11/30, 50, 25, , 16
2023/12/1, 64, 18, 10, 9
2023/12/2, 62, 18, 10, 14
2023/12/3, 57, 23, 2, 24
2023/12/4, 68, 19, 14, 14
2023/12/5, 56, 10, 12, 13
2023/12/6, 26, 18, 13, 16
2023/12/7, 48, 24, 5, 21
2023/12/8, 56, 18, 14, 15
2023/12/9, 52, 13, 27, 8
2023/12/10, 37, 12, 20, 14
2023/12/11, 30, 17, 12, 18
2023/12/12, 35, 9, 19, 15
2023/12/13, 23, 7, 15, 13
2023/12/14, 21, 9, 9, 12
2023/12/15, 29, 12, 8, 15
2023/12/16, 39, 20, 1, 13
2023/12/17, 61, 27, , 17
2023/12/18, 73, 30, 2, 16
2023/12/19, 72, 16, 18, 11
2023/12/20, 46, 8, 29, 7
2023/12/21, 21, 7, 27, 7
2023/12/22, 18, 6, 27, 6
2023/12/23, 16, 5, 27, 4
2023/12/24, 14, 4, , 5
2023/12/25, 10, 6, , 7
2023/12/26, 18, 9, , 16
2023/12/27, 26, 14, , 18
2023/12/28, 40, 11, 15, 10
2023/12/29, 32, 9, 19, 12
2023/12/30, 30, 11, 22, 13
2023/12/31, 38, 17, 23, 8
2023/7/1, 49, 12, 33, 8
2023/7/2, 35, 23, 25, 12
2023/7/3, 58, 23, 29, 10
2023/7/4, 38, 24, 27, 11
2023/7/5, 38, 19, 40, 10
2023/7/6, 29, 17, 41, 13
2023/7/7, 36, 17, 41, 13
2023/7/8, 44, 17, 42, 13
2023/7/9, 43, 25, 38, 13
2023/7/10, 53, 26, 42, 13
2023/7/11, 53, 21, 27, 10
2023/7/12, 47, 13, 35, 12
2023/7/13, 26, 15, 40, 15
2023/7/14, 29, 18, 41, 13
2023/7/15, 41, 13, 27, 7
2023/7/16, 32, 11, 30, 12
2023/7/17, 28, 16, 31, 14
2023/7/18, 32, 17, 33, 13
2023/7/19, 37, 14, 33, 11
2023/7/20, 26, 13, 33, 14
2023/7/21, 24, 12, 28, 13
2023/7/22, 27, 11, 26, 11
2023/7/23, 29, 15, 20, 17
2023/7/24, 40, 12, 21, 11
2023/7/25, 31, 10, 22, 10
2023/7/26, 26, 12, 13, 15
2023/7/27, 29, 13, 10, 14
2023/7/28, 31, 9, 18, 9
2023/7/29, 25, 9, 25, 7
2023/7/30, 25, 8, 23, 10
2023/7/31, 21, 11, 26, 9
2023/8/1, 27, 10, 18, 9
2023/8/2, 22, 11, 21, 6
2023/8/3, 23, 8, 25, 8
2023/8/4, 16, 8, 31, 8
2023/8/5, 22, 7, 26, 6
2023/8/6, 22, 6, 25, 8
2023/8/7, 15, 8, 24, 10
2023/8/8, 19, 9, 22, 9
2023/8/9, 21, 10, 41, 9
2023/8/10, 24, 15, 55, 12
2023/8/11, 35, 19, 30, 12
2023/8/12, 49, 13, 27, 8
2023/8/13, 41, 12, 38, 11
2023/8/14, 35, 19, 35, 10
2023/8/15, 51, 17, 39, 10
2023/8/16, 42, 18, 31, 9
2023/8/17, 47, 17, 45, 8
2023/8/18, 47, 17, 50, 12
2023/8/19, 40, 23, 56, 8
2023/8/20, 58, 22, 44, 10
2023/8/21, 57, 21, 42, 10
2023/8/22, 51, 19, 55, 9
2023/8/23, 47, 25, 46, 12
2023/8/24, 57, 18, 30, 10
2023/8/25, 44, 13, 21, 8
2023/8/26, 38, 11, 20, 7
2023/8/27, 34, 8, 26, 7
2023/8/28, 22, 9, 19, 10
2023/8/29, 26, 12, 22, 10
2023/8/30, 37, 10, 23, 10
2023/8/31, 26, 11, 18, 10
2023/9/1, 25, 12, 32, 10
2023/9/2, 25, 12, 35, 9
2023/9/3, 32, 11, 39, 8
2023/9/4, 28, 14, 36, 8
2023/9/5, 31, 16, 43, 12
2023/9/6, 35, 20, 45, 12
2023/9/7, 45, 24, 57, 15
2023/9/8, 54, 26, 57, 15
2023/9/9, 62, 28, 65, 13
2023/9/10, 65, 26, 61, 15
2023/9/11, 61, 33, 59, 14
2023/9/12, 65, 24, 29, 10
2023/9/13, 53, 13, 29, 9
2023/9/14, 34, 14, 32, 11
2023/9/15, 35, 17, 37, 12
2023/9/16, 50, 16, 33, 11
2023/9/17, 49, 17, 22, 13
2023/9/18, 39, 10, 24, 10
2023/9/19, 21, 11, 27, 14
2023/9/20, 25, 15, 28, 15
2023/9/21, 36, 12, 21, 10
2023/9/22, 25, 8, 24, 9
2023/9/23, 16, 7, 32, 7
2023/9/24, 20, 10, 32, 12
2023/9/25, 26, 16, 33, 14
2023/9/26, 38, 18, 35, 16
2023/9/27, 44, 20, 30, 17
2023/9/28, 48, 24, 26, 16
2023/9/29, 50, 18, 31, 8
2023/9/30, 46, 15, 31, 13
2023/4/1, 21, 7, 28, 6
2023/4/2, 18, 10, 29, 6
2023/4/3, 22, 14, 33, 6
2023/4/4, 31, 19, 32, 13
2023/4/5, 50, 24, 34, 17
2023/4/6, 61, 17, 26, 9
2023/4/7, 52, 13, 27, 6
2023/4/8, 47, 17, 31, 8
2023/4/9, 57, 13, 31, 12
2023/4/10, 49, 11, 29, 9
2023/4/11, 29, 10, 23, 12
2023/4/12, 23, 8, 24, 11
2023/4/13, 18, 10, 34, 13
2023/4/14, 23, 13, 32, 14
2023/4/15, 34, 9, 18, 7
2023/4/16, 34, 15, 19, 6
2023/4/17, 52, 19, 25, 7
2023/4/18, 51, 23, 30, 8
2023/4/19, 55, 24, 23, 13
2023/4/20, 54, 21, 27, 13
2023/4/21, 57, 18, 26, 19
2023/4/22, 49, 13, 32, 10
2023/4/23, 36, 7, 27, 11
2023/4/24, 18, 9, 25, 13
2023/4/25, 24, 14, 33, 10
2023/4/26, 40, 20, 35, 17
2023/4/27, 50, 23, 11, 20
2023/4/28, 51, 16, 23, 9
2023/4/29, 35, 12, 35, 5
2023/4/30, 38, 14, 24, 12
2023/5/1, 47, 18, 33, 10
2023/5/2, 52, 22, 35, 7
2023/5/3, 51, 22, 39, 13
2023/5/4, 48, 25, 28, 16
2023/5/5, 52, 15, 36, 8
2023/5/6, 34, 12, 29, 12
2023/5/7, 35, 14, 17, 9
2023/5/8, 41, 22, 21, 11
2023/5/9, 57, 14, 21, 9
2023/5/10, 30, 11, 26, 8
2023/5/11, 18, 11, 22, 6
2023/5/12, 28, 11, 19, 7
2023/5/13, 31, 13, 26, 9
2023/5/14, 45, 14, 35, 12
2023/5/15, 40, 20, 24, 8
2023/5/16, 53, 14, 28, 9
2023/5/17, 36, 15, 34, 9
2023/5/18, 39, 15, 25, 10
2023/5/19, 38, 16, 32, 10
2023/5/20, 45, 20, 33, 10
2023/5/21, 57, 24, 35, 15
2023/5/22, 62, 31, 33, 10
2023/5/23, 71, 22, 29, 7
2023/5/24, 52, 23, 34, 9
2023/5/25, 46, 26, 39, 9
2023/5/26, 53, 21, 43, 6
2023/5/27, 50, 18, 44, 11
2023/5/28, 48, 16, 44, 9
2023/5/29, 43, 19, 40, 6
2023/5/30, 39, 27, 43, 7
2023/5/31, 36, 28, 48, 14
2023/6/1, 42, 26, 37, 6
2023/6/2, 47, 22, 40, 5
2023/6/3, 48, 19, 42, 5
2023/6/4, 46, 18, 43, 11
2023/6/5, 34, 25, 43, 7
2023/6/6, 41, 26, 43, 12
2023/6/7, 48, 19, 41, 13
2023/6/8, 45, 18, 43, 10
2023/6/9, 52, 18, 44, 11
2023/6/10, 53, 13, 46, 4
2023/6/11, 44, 19, 42, 9
2023/6/12, 51, 24, 45, 6
2023/6/13, 46, 28, 43, 11
2023/6/14, 50, 27, 43, 11
2023/6/15, 54, 24, 47, 14
2023/6/16, 51, 24, 54, 15
2023/6/17, 55, 23, 52, 14
2023/6/18, 60, 21, 45, 10
2023/6/19, 54, 21, 32, 15
2023/6/20, 46, 28, 43, 12
2023/6/21, 58, 25, 32, 14
2023/6/22, 55, 24, 40, 9
2023/6/23, 49, 14, 46, 8
2023/6/24, 38, 13, 47, 12
2023/6/25, 41, 21, 41, 13
2023/6/26, 51, 22, 41, 10
2023/6/27, 37, 18, 43, 11
2023/6/28, 32, 22, 49, 14
2023/6/29, 45, 26, 26, 16
2023/6/30, 57, 18, 26, 10
2023/1/2, 47, 13, 21, 17
2023/1/3, 26, 11, 21, 11
2023/1/4, 28, 8, 19, 10
2023/1/5, 17, 8, 17, 10
2023/1/6, 22, 8, 16, 13
2023/1/7, 22, 11, 22, 12
2023/1/8, 37, 7, 18, 11
2023/1/9, 21, 7, 20, 12
2023/1/10, 18, 10, 18, 13
2023/1/11, 22, 11, 18, 11
2023/1/12, 22, 11, 22, 11
2023/1/13, 19, 8, 19, 11
2023/1/14, 21, 7, 25, 6
2023/1/15, 18, 7, 20, 12
2023/1/16, 14, 8, 18, 12
2023/1/17, 15, 11, 14, 12
2023/1/18, 30, 19, 7, 17
2023/1/19, 48, 24, 9, 21
2023/1/20, 55, 31, 12, 14
2023/1/21, 62, 17, 11, 10
2023/1/22, 56, 14, 11, 9
2023/1/23, 50, 18, 11, 9
2023/1/24, 55, 21, 9, 9
2023/1/25, 58, 21, 8, 11
2023/1/26, 61, 19, 8, 10
2023/1/27, 57, 19, 14, 7
2023/1/28, 50, 18, 16, 11
2023/1/29, 49, 28, 14, 12
2023/1/30, 58, 25, 16, 12
2023/1/31, 46, 30, 24, 10
2023/2/1, 44, 26, 24, 9
2023/2/2, 37, 14, 20, 11
2023/2/3, 23, 12, 22, 10
2023/2/4, 28, 17, 11, 14
2023/2/5, 50, 15, 18, 9
2023/2/6, 54, 18, 18, 10
2023/2/7, 53, 25, 21, 16
2023/2/8, 62, 34, 10, 21
2023/2/9, 76, 47, 10, 24
2023/2/10, 99, 46, 20, 20
2023/2/11, 98, 34, 19, 16
2023/2/12, 86, 23, 8, 16
2023/2/13, 62, 29, 5, 16
2023/2/14, 67, 37, 1, 19
2023/2/15, 81, 45, 10, 26
2023/2/16, 86, 43, 17, 13
2023/2/17, 63, 26, 18, 9
2023/2/18, 36, 15, 25, 6
2023/2/19, 24, 16, 21, 16
2023/2/20, 27, 25, 16, 22
2023/2/21, 41, 29, 4, 20
2023/2/22, 55, 34, 11, 19
2023/2/23, 73, 33, 20, 11
2023/2/24, 72, 20, 25, 8
2023/2/25, 48, 8, 24, 5
2023/2/26, 20, 9, 26, 6
2023/2/27, 20, 15, 23, 8
2023/2/28, 38, 28, 24, 11
2023/3/1, 70, 35, 15, 15
2023/3/2, 84, 42, 15, 19
2023/3/3, 96, 39, 17, 14
2023/3/4, 96, 28, 20, 11
2023/3/5, 76, 25, 20, 13
2023/3/6, 69, 27, 24, 10
2023/3/7, 57, 27, 22, 12
2023/3/8, 54, 25, 24, 11
2023/3/9, 37, 19, 25, 9
2023/3/10, 29, 9, 28, 9
2023/3/11, 19, 13, 18, 17
2023/3/12, 40, 19, 22, 13
2023/3/13, 42, 19, 24, 9
2023/3/14, 32, 12, 23, 13
2023/3/15, 22, 17, 21, 17
2023/3/16, 44, 25, 15, 24
2023/3/17, 51, 31, 26, 21
2023/3/18, 53, 18, 27, 14
2023/3/19, 45, 11, 19, 12
2023/3/20, 27, 14, 23, 16
2023/3/21, 29, 16, 21, 20
2023/3/22, 35, 15, 22, 15
2023/3/23, 32, 15, 20, 13
2023/3/24, 33, 10, 26, 8
2023/3/25, 22, 8, 29, 8
2023/3/26, 20, 7, 27, 7
2023/3/27, 17, 10, 27, 12
2023/3/28, 22, 17, 25, 15
2023/3/29, 32, 28, 21, 13
2023/3/30, 48, 16, 25, 11
2023/3/31, 35, 9, 23, 8
2022/10/1, 42, 8, 20, 12
2022/10/2, 25, 7, 25, 9
2022/10/3, 24, 15, 12, 14
2022/10/4, 42, 21, 14, 17
2022/10/5, 47, 22, 21, 16
2022/10/6, 48, 20, 17, 16
2022/10/7, 40, 26, 25, 12
2022/10/8, 53, 14, 25, 9
2022/10/9, 37, 20, 16, 13
2022/10/10, 42, 32, 11, 12
2022/10/11, 57, 35, 11, 13
2022/10/12, 65, 31, 10, 14
2022/10/13, 61, 25, 14, 13
2022/10/14, 52, 13, 10, 10
2022/10/15, 27, 11, 13, 11
2022/10/16, 25, 21, 12, 16
2022/10/17, 39, 33, 16, 15
2022/10/18, 51, 26, 14, 13
2022/10/19, 49, 22, 4, 13
2022/10/20, 49, 25, 11, 14
2022/10/21, 53, 15, 17, 14
2022/10/22, 30, 16, 8, 14
2022/10/23, 39, 20, 21, 14
2022/10/24, 40, 14, 15, 12
2022/10/25, 25, 19, 9, 19
2022/10/26, 34, 29, 6, 16
2022/10/27, 49, 35, 2, 17
2022/10/28, 56, 36, 6, 16
2022/10/29, 60, 33, 7, 14
2022/10/30, 65, 28, 3, 15
2022/10/31, 57, 27, 19, 12
2022/11/1, 57, 13, 15, 17
2022/11/2, 28, 23, 9, 18
2022/11/3, 45, 21, 14, 15
2022/11/4, 35, 10, 13, 12
2022/11/5, 24, 13, 8, 11
2022/11/6, 44, 14, 13, 17
2022/11/7, 32, 26, 4, 20
2022/11/8, 45, 24, 10, 18
2022/11/9, 47, 13, 12, 17
2022/11/10, 27, 19, 2, 15
2022/11/11, 41, 22, 2, 10
2022/11/12, 53, 18, 3, 11
2022/11/13, 57, 20, 4, 16
2022/11/14, 54, 27, 1, 20
2022/11/15, 48, 23, 10, 20
2022/11/16, 42, 15, 16, 16
2022/11/17, 31, 10, 19, 14
2022/11/18, 19, 6, 12, 12
2022/11/19, 17, 7, 21, 9
2022/11/20, 25, 7, 19, 14
2022/11/21, 17, 12, 12, 14
2022/11/22, 26, 13, 17, 15
2022/11/23, 27, 15, 12, 19
2022/11/24, 29, 27, 5, 19
2022/11/25, 47, 25, 10, 16
2022/11/26, 50, 18, 4, 15
2022/11/27, 57, 21, , 17
2022/11/28, 53, 22, 3, 14
2022/11/29, 54, 19, 13, 10
2022/11/30, 56, 25, 12, 10
2022/12/1, 62, 22, 3, 10
2022/12/2, 62, 14, 6, 8
2022/12/3, 52, 17, 7, 6
2022/12/4, 59, 21, 3, 12
2022/12/5, 58, 24, 3, 11
2022/12/6, 54, 16, 11, 13
2022/12/7, 38, 17, 10, 17
2022/12/8, 42, 21, 3, 18
2022/12/9, 54, 27, 10, 12
2022/12/10, 73, 24, 9, 12
2022/12/11, 66, 33, 8, 17
2022/12/12, 75, 40, 12, 18
2022/12/13, 79, 34, 10, 16
2022/12/14, 72, 31, 7, 16
2022/12/15, 87, 28, 7, 19
2022/12/16, 82, 27, 7, 23
2022/12/17, 76, 40, 8, 21
2022/12/18, 108, 36, 4, 23
2022/12/19, 96, 31, 2, 22
2022/12/20, 80, 22, 11, 20
2022/12/21, 57, 11, 15, 14
2022/12/22, 32, 10, 17, 17
2022/12/23, 28, 10, 12, 16
2022/12/24, 28, 11, 11, 14
2022/12/25, 32, 11, 24, 11
2022/12/26, 29, 8, 21, 16
2022/12/27, 19, 13, 13, 15
2022/12/28, 30, 12, 22, 13
2022/12/29, 27, 8, 18, 14
2022/12/30, 20, 10, 16, 10
2022/12/31, 26, 37, 14, 15
2023/1/1, 93, 23, 24, 13
2022/7/1, 33, 9, 37, 7
2022/7/2, 19, 11, 39, 9
2022/7/3, 23, 13, 44, 9
2022/7/4, 27, 15, 49, 11
2022/7/5, 30, 15, 42, 8
2022/7/6, 30, 16, 24, 10
2022/7/7, 30, 12, 33, 6
2022/7/8, 24, 13, 33, 11
2022/7/9, 30, 12, 28, 4
2022/7/10, 31, 9, 30, 7
2022/7/11, 23, 12, 32, 8
2022/7/12, 26, 14, 35, 15
2022/7/13, 24, 23, 54, 15
2022/7/14, 36, 21, 48, 7
2022/7/15, 36, 16, 44, 8
2022/7/16, 33, 16, 49, 10
2022/7/17, 36, 16, 54, 13
2022/7/18, 33, 25, 48, 12
2022/7/19, 44, 35, 58, 15
2022/7/20, 55, 30, 36, 9
2022/7/21, 63, 19, 54, 10
2022/7/22, 52, 20, 54, 7
2022/7/23, 52, 19, 55, 9
2022/7/24, 56, 24, 46, 14
2022/7/25, 58, 20, 30, 7
2022/7/26, 37, 14, 38, 5
2022/7/27, 26, 17, 49, 5
2022/7/28, 34, 20, 31, 12
2022/7/29, 44, 18, 48, 12
2022/7/30, 48, 16, 41, 14
2022/7/31, 41, 14, 30, 8
2022/8/1, 30, 13, 46, 8
2022/8/2, 24, 17, 44, 12
2022/8/3, 32, 23, 60, 14
2022/8/4, 37, 24, 59, 11
2022/8/5, 41, 14, 40, 4
2022/8/6, 27, 10, 43, 7
2022/8/7, 21, 10, 46, 10
2022/8/8, 21, 18, 46, 12
2022/8/9, 30, 21, 44, 8
2022/8/10, 34, 22, 48, 9
2022/8/11, 34, 18, 41, 10
2022/8/12, 33, 14, 42, 9
2022/8/13, 26, 15, 46, 11
2022/8/14, 36, 15, 40, 11
2022/8/15, 34, 14, 50, 11
2022/8/16, 31, 22, 35, 18
2022/8/17, 49, 20, 48, 10
2022/8/18, 48, 21, 33, 14
2022/8/19, 57, 16, 21, 9
2022/8/20, 43, 10, 46, 10
2022/8/21, 26, 14, 42, 12
2022/8/22, 34, 17, 47, 14
2022/8/23, 38, 19, 42, 12
2022/8/24, 43, 15, 37, 14
2022/8/25, 32, 19, 46, 16
2022/8/26, 44, 21, 24, 11
2022/8/27, 55, 22, 38, 7
2022/8/28, 62, 16, 44, 12
2022/8/29, 47, 18, 44, 12
2022/8/30, 45, 17, 29, 14
2022/8/31, 44, 19, 29, 10
2022/9/1, 53, 15, 33, 10
2022/9/2, 37, 13, 23, 14
2022/9/3, 29, 9, 33, 11
2022/9/4, 26, 13, 37, 15
2022/9/5, 29, 18, 25, 19
2022/9/6, 39, 18, 33, 13
2022/9/7, 41, 13, 21, 16
2022/9/8, 25, 11, 20, 17
2022/9/9, 20, 10, 19, 11
2022/9/10, 18, 7, 31, 9
2022/9/11, 20, 13, 33, 15
2022/9/12, 38, 18, 37, 17
2022/9/13, 36, 19, 16, 16
2022/9/14, 36, 13, 19, 13
2022/9/15, 28, 10, 20, 12
2022/9/16, 26, 8, 19, 10
2022/9/17, 19, 7, 25, 7
2022/9/18, 19, 8, 21, 10
2022/9/19, 17, 9, 23, 13
2022/9/20, 22, 13, 28, 12
2022/9/21, 29, 14, 28, 13
2022/9/22, 29, 18, 27, 19
2022/9/23, 37, 21, 17, 17
2022/9/24, 53, 15, 22, 11
2022/9/25, 50, 13, 20, 12
2022/9/26, 38, 11, 23, 10
2022/9/27, 20, 6, 18, 12
2022/9/28, 14, 11, 15, 13
2022/9/29, 25, 17, 18, 15
2022/9/30, 42, 15, 15, 14
2022/4/1, 52, 12, 28, 6
2022/4/2, 46, 12, 28, 8
2022/4/3, 45, 18, 33, 15
2022/4/4, 47, 20, 30, 15
2022/4/5, 50, 14, 18, 11
2022/4/6, 35, 14, 30, 8
2022/4/7, 21, 14, 30, 12
2022/4/8, 20, 8, 28, 10
2022/4/9, 20, 10, 32, 9
2022/4/10, 29, 15, 33, 15
2022/4/11, 43, 24, 28, 20
2022/4/12, 48, 41, 35, 22
2022/4/13, 55, 37, 33, 15
2022/4/14, 60, 22, 38, 8
2022/4/15, 53, 11, 36, 4
2022/4/16, 32, 10, 39, 4
2022/4/17, 29, 10, 41, 9
2022/4/18, 27, 16, 44, 13
2022/4/19, 35, 19, 42, 6
2022/4/20, 38, 20, 37, 6
2022/4/21, 47, 20, 41, 6
2022/4/22, 50, 22, 31, 5
2022/4/23, 58, 16, 29, 10
2022/4/24, 50, 14, 26, 10
2022/4/25, 45, 17, 31, 11
2022/4/26, 50, 13, 35, 8
2022/4/27, 41, 18, 46, 12
2022/4/28, 48, 23, 42, 16
2022/4/29, 50, 23, 27, 11
2022/4/30, 58, 20, 36, 6
2022/5/1, 63, 21, 40, 11
2022/5/2, 60, 23, 30, 16
2022/5/3, 59, 21, 36, 16
2022/5/4, 52, 23, 21, 13
2022/5/5, 55, 25, 33, 9
2022/5/6, 65, 19, 41, 12
2022/5/7, 51, 20, 38, 12
2022/5/8, 57, 20, 43, 11
2022/5/9, 54, 25, 42, 16
2022/5/10, 59, 29, 33, 20
2022/5/11, 57, 30, 30, 14
2022/5/12, 49, 18, 30, 12
2022/5/13, 41, 15, 41, 11
2022/5/14, 33, 15, 47, 10
2022/5/15, 36, 18, 27, 17
2022/5/16, 37, 19, 39, 8
2022/5/17, 37, 17, 42, 12
2022/5/18, 36, 19, 52, 12
2022/5/19, 38, 26, 32, 13
2022/5/20, 49, 21, 35, 6
2022/5/21, 41, 10, 46, 9
2022/5/22, 26, 13, 28, 14
2022/5/23, 30, 14, 28, 11
2022/5/24, 27, 9, 33, 9
2022/5/25, 16, 9, 27, 9
2022/5/26, 19, 9, 21, 10
2022/5/27, 21, 10, 33, 6
2022/5/28, 23, 9, 36, 5
2022/5/29, 23, 9, 43, 9
2022/5/30, 24, 14, 40, 15
2022/5/31, 30, 17, 36, 13
2022/6/1, 35, 13, 42, 7
2022/6/2, 27, 18, 37, 16
2022/6/3, 40, 22, 38, 11
2022/6/4, 58, 17, 25, 7
2022/6/5, 50, 10, 29, 6
2022/6/6, 25, 10, 28, 8
2022/6/7, 22, 10, 26, 8
2022/6/8, 19, 8, 27, 7
2022/6/9, 17, 10, 37, 10
2022/6/10, 22, 14, 54, 11
2022/6/11, 35, 14, 48, 11
2022/6/12, 42, 12, 40, 7
2022/6/13, 32, 15, 47, 10
2022/6/14, 36, 17, 70, 13
2022/6/15, 40, 19, 75, 11
2022/6/16, 47, 15, 45, 9
2022/6/17, 36, 18, 44, 13
2022/6/18, 38, 39, 43, 12
2022/6/19, 61, 37, 39, 9
2022/6/20, 64, 17, 45, 6
2022/6/21, 37, 23, 26, 13
2022/6/22, 51, 26, 41, 9
2022/6/23, 55, 20, 29, 9
2022/6/24, 37, 10, 35, 6
2022/6/25, 24, 9, 43, 7
2022/6/26, 23, 8, 28, 7
2022/6/27, 20, 11, 34, 5
2022/6/28, 22, 18, 38, 12
2022/6/29, 38, 21, 40, 14
2022/6/30, 50, 15, 26, 8
2022/1/3, 40, 8, 24, 9
2022/1/4, 22, 4, 25, 9
2022/1/5, 13, 8, 19, 10
2022/1/6, 24, 12, 14, 14
2022/1/7, 41, 8, 23, 10
2022/1/8, 25, 6, 28, 9
2022/1/9, 17, 11, 11, 17
2022/1/10, 36, 24, 20, 15
2022/1/11, 67, 22, 10, 19
2022/1/12, 55, 32, 6, 22
2022/1/13, 74, 38, 1, 24
2022/1/14, 84, 39, 2, 19
2022/1/15, 92, 28, 14, 15
2022/1/16, 81, 22, 14, 13
2022/1/17, 58, 19, 23, 10
2022/1/18, 48, 20, 17, 16
2022/1/19, 52, 17, 21, 12
2022/1/20, 40, 15, 22, 13
2022/1/21, 31, 19, 18, 11
2022/1/22, 45, 13, 23, 8
2022/1/23, 49, 16, 12, 19
2022/1/24, 46, 28, 2, 20
2022/1/25, 66, 33, 7, 15
2022/1/26, 88, 27, 11, 14
2022/1/27, 72, 19, 17, 12
2022/1/28, 48, 18, 16, 12
2022/1/29, 46, 12, 24, 9
2022/1/30, 28, 14, 20, 12
2022/1/31, 36, 10, 19, 11
2022/2/1, 24, 11, 23, 13
2022/2/2, 27, 15, 7, 16
2022/2/3, 33, 20, 17, 12
2022/2/4, 37, 12, 23, 12
2022/2/5, 25, 12, 27, 6
2022/2/6, 27, 8, 29, 10
2022/2/7, 16, 18, 17, 14
2022/2/8, 32, 23, 15, 19
2022/2/9, 38, 29, 24, 18
2022/2/10, 50, 21, 24, 14
2022/2/11, 40, 17, 20, 19
2022/2/12, 47, 23, 27, 19
2022/2/13, 58, 25, 24, 18
2022/2/14, 50, 19, 23, 13
2022/2/15, 29, 15, 27, 10
2022/2/16, 23, 11, 34, 7
2022/2/17, 19, 20, 33, 12
2022/2/18, 39, 15, 33, 9
2022/2/19, 26, 10, 30, 6
2022/2/20, 22, 9, 35, 7
2022/2/21, 17, 12, 30, 9
2022/2/22, 25, 14, 27, 17
2022/2/23, 28, 20, 31, 16
2022/2/24, 36, 16, 26, 12
2022/2/25, 26, 14, 29, 7
2022/2/26, 33, 13, 31, 7
2022/2/27, 37, 19, 26, 16
2022/2/28, 50, 25, 26, 14
2022/3/1, 61, 34, 8, 25
2022/3/2, 71, 42, 15, 22
2022/3/3, 83, 36, 27, 19
2022/3/4, 80, 26, 30, 15
2022/3/5, 65, 20, 29, 12
2022/3/6, 59, 21, 30, 6
2022/3/7, 63, 30, 26, 18
2022/3/8, 71, 32, 20, 27
2022/3/9, 65, 41, 29, 21
2022/3/10, 79, 29, 26, 12
2022/3/11, 63, 32, 32, 16
2022/3/12, 69, 34, 36, 19
2022/3/13, 79, 25, 29, 15
2022/3/14, 64, 20, 4, 24
2022/3/15, 40, 28, 17, 13
2022/3/16, 64, 43, 16, 15
2022/3/17, 86, 35, 23, 7
2022/3/18, 84, 36, 34, 6
2022/3/19, 93, 30, 36, 10
2022/3/20, 79, 31, 31, 18
2022/3/21, 75, 35, 30, 23
2022/3/22, 75, 41, 36, 24
2022/3/23, 83, 41, 40, 24
2022/3/24, 81, 43, 47, 21
2022/3/25, 86, 48, 46, 19
2022/3/26, 98, 40, 41, 18
2022/3/27, 80, 35, 38, 22
2022/3/28, 68, 42, 34, 23
2022/3/29, 72, 47, 24, 18
2022/3/30, 81, 25, 21, 8
2022/3/31, 64, 16, 21, 8
2021/10/1, 28, 18, 30, 18
2021/10/2, 46, 17, 13, 17
2021/10/3, 47, 10, , 9
2021/10/4, 26, 12, , 12
2021/10/5, 31, 9, , 11
2021/10/6, 20, 12, , 9
2021/10/7, 25, 17, , 13
2021/10/8, 40, 22, , 9
2021/10/9, 59, 24, , 14
2021/10/10, 62, 26, , 15
2021/10/11, 67, 24, , 14
2021/10/12, 65, 13, , 11
2021/10/13, 37, 14, , 16
2021/10/14, 31, 16, , 15
2021/10/15, 40, 18, , 14
2021/10/16, 51, 22, , 9
2021/10/17, 66, 20, , 13
2021/10/18, 63, 24, , 17
2021/10/19, 61, 23, , 16
2021/10/20, 50, 16, , 9
2021/10/21, 36, 10, , 12
2021/10/22, 20, 10, , 12
2021/10/23, 26, 12, , 15
2021/10/24, 39, 19, , 18
2021/10/25, 53, 25, , 17
2021/10/26, 55, 23, , 15
2021/10/27, 48, 25, , 16
2021/10/28, 55, 27, , 17
2021/10/29, 64, 25, 1, 15
2021/10/30, 65, 19, 17, 17
2021/10/31, 55, 13, 21, 12
2021/11/1, 39, 7, 15, 15
2021/11/2, 19, 10, 5, 19
2021/11/3, 23, 10, 16, 13
2021/11/4, 22, 9, 13, 14
2021/11/5, 26, 18, 6, 13
2021/11/6, 56, 15, 20, 11
2021/11/7, 51, 12, 13, 16
2021/11/8, 35, 23, 17, 17
2021/11/9, 54, 27, 2, 20
2021/11/10, 60, 38, , 16
2021/11/11, 79, 34, , 18
2021/11/12, 87, 28, , 16
2021/11/13, 77, 21, 16, 9
2021/11/14, 66, 16, 14, 7
2021/11/15, 53, 22, 8, 11
2021/11/16, 62, 13, 5, 12
2021/11/17, 39, 16, 4, 13
2021/11/18, 39, 24, 11, 15
2021/11/19, 55, 17, 9, 13
2021/11/20, 50, 13, 9, 10
2021/11/21, 47, 13, 15, 9
2021/11/22, 45, 14, 12, 14
2021/11/23, 37, 22, 7, 16
2021/11/24, 53, 26, 5, 14
2021/11/25, 64, 35, 9, 17
2021/11/26, 83, 22, 14, 14
2021/11/27, 50, 10, 7, 16
2021/11/28, 32, 13, 15, 13
2021/11/29, 46, 11, 17, 13
2021/11/30, 28, 7, 18, 12
2021/12/1, 16, 9, 14, 15
2021/12/2, 16, 10, 13, 15
2021/12/3, 23, 14, 19, 14
2021/12/4, 32, 6, 19, 11
2021/12/5, 19, 14, 9, 18
2021/12/6, 42, 20, 13, 19
2021/12/7, 40, 20, 11, 21
2021/12/8, 35, 15, 16, 15
2021/12/9, 34, 16, 14, 18
2021/12/10, 31, 11, 13, 13
2021/12/11, 26, 13, 13, 11
2021/12/12, 39, 13, 9, 16
2021/12/13, 35, 17, 8, 12
2021/12/14, 43, 19, 12, 13
2021/12/15, 52, 22, 7, 15
2021/12/16, 53, 29, 13, 12
2021/12/17, 61, 21, 14, 7
2021/12/18, 56, 17, 10, 9
2021/12/19, 57, 15, 7, 15
2021/12/20, 50, 21, 7, 19
2021/12/21, 56, 24, 5, 20
2021/12/22, 66, 33, 10, 21
2021/12/23, 81, 22, 10, 18
2021/12/24, 52, 9, 12, 12
2021/12/25, 26, 9, 2, 10
2021/12/26, 36, 10, 16, 15
2021/12/27, 35, 8, 26, 13
2021/12/28, 22, 6, 23, 13
2021/12/29, 17, 6, 15, 13
2021/12/30, 17, 8, 10, 12
2021/12/31, 20, 21, 8, 13
2022/1/1, 60, 16, 5, 14
2022/1/2, 54, 14, 21, 13
2021/7/1, 15, 12, 36, 11
2021/7/2, 26, 15, 45, 13
2021/7/3, 42, 12, 30, 7
2021/7/4, 36, 9, 19, 10
2021/7/5, 20, 13, 23, 13
2021/7/6, 23, 10, 27, 11
2021/7/7, 17, 12, 23, 12
2021/7/8, 22, 11, 28, 10
2021/7/9, 25, 14, 36, 11
2021/7/10, 40, 10, 29, 7
2021/7/11, 27, 10, 34, 10
2021/7/12, 22, 11, 28, 11
2021/7/13, 21, 11, 22, 10
2021/7/14, 20, 11, 21, 9
2021/7/15, 17, 13, 31, 9
2021/7/16, 22, 18, 30, 8
2021/7/17, 46, 18, 33, 6
2021/7/18, 52, 14, 30, 9
2021/7/19, 33, 20, 39, 9
2021/7/20, 51, 21, 42, 9
2021/7/21, 52, 22, 50, 13
2021/7/22, 51, 24, 59, 11
2021/7/23, 54, 27, 44, 17
2021/7/24, 61, 17, 30, 9
2021/7/25, 46, 12, 32, 12
2021/7/26, 32, 13, 37, 12
2021/7/27, 29, 14, 30, 12
2021/7/28, 35, 12, 31, 11
2021/7/29, 28, 14, 36, 14
2021/7/30, 31, 14, 31, 10
2021/7/31, 34, 11, 28, 9
2021/8/1, 27, 9, 24, 12
2021/8/2, 21, 10, 26, 11
2021/8/3, 19, 9, 30, 11
2021/8/4, 18, 10, 26, 11
2021/8/5, 20, 7, 24, 10
2021/8/6, 16, 9, 25, 14
2021/8/7, 20, 8, 24, 7
2021/8/8, 19, 8, 29, 13
2021/8/9, 18, 12, 28, 13
2021/8/10, 25, 17, 35, 14
2021/8/11, 32, 20, 46, 13
2021/8/12, 41, 24, 44, 16
2021/8/13, 52, 23, 48, 12
2021/8/14, 53, 23, 39, 12
2021/8/15, 57, 19, 29, 9
2021/8/16, 49, 11, 30, 8
2021/8/17, 28, 10, 21, 8
2021/8/18, 30, 7, 23, 9
2021/8/19, 16, 9, 33, 10
2021/8/20, 20, 13, 41, 12
2021/8/21, 36, 13, 19, 10
2021/8/22, 39, 9, 27, 7
2021/8/23, 22, 10, 23, 5
2021/8/24, 26, 13, 30, 6
2021/8/25, 37, 14, 24, 13
2021/8/26, 42, 11, 22, 7
2021/8/27, 30, 8, 19, 7
2021/8/28, 23, 6, 15, 8
2021/8/29, 20, 6, 16, 8
2021/8/30, 20, 12, 23, 8
2021/8/31, 39, 15, 32, 10
2021/9/1, 45, 15, 34, 11
2021/9/2, 42, 16, 34, 13
2021/9/3, 45, 17, 41, 13
2021/9/4, 48, 17, 41, 11
2021/9/5, 50, 17, 44, 15
2021/9/6, 48, 23, 43, 16
2021/9/7, 56, 23, 42, 15
2021/9/8, 58, 26, 40, 23
2021/9/9, 58, 26, 37, 16
2021/9/10, 56, 16, 25, 12
2021/9/11, 45, 10, 34, 9
2021/9/12, 29, 11, 36, 12
2021/9/13, 30, 17, 40, 15
2021/9/14, 44, 20, 20, 15
2021/9/15, 50, 12, 19, 10
2021/9/16, 32, 15, 27, 14
2021/9/17, 38, 16, 34, 12
2021/9/18, 44, 15, 27, 7
2021/9/19, 50, 12, 13, 7
2021/9/20, 37, 17, 28, 8
2021/9/21, 48, 19, 27, 13
2021/9/22, 51, 18, 30, 16
2021/9/23, 44, 22, 34, 16
2021/9/24, 43, 26, 35, 16
2021/9/25, 52, 21, 26, 13
2021/9/26, 54, 16, 32, 14
2021/9/27, 48, 13, 29, 8
2021/9/28, 31, 14, 27, 13
2021/9/29, 37, 11, 27, 12
2021/9/30, 23, 14, 28, 20
2021/4/1, 58, 29, 34, 6
2021/4/2, 59, 12, 36, 4
2021/4/3, 35, 11, 38, 10
2021/4/4, 30, 16, 37, 9
2021/4/5, 43, 13, 33, 11
2021/4/6, 26, 12, 32, 11
2021/4/7, 22, 15, 36, 13
2021/4/8, 29, 23, 36, 25
2021/4/9, 48, 21, 40, 13
2021/4/10, 38, 15, 37, 13
2021/4/11, 29, 9, 31, 11
2021/4/12, 23, 15, 37, 14
2021/4/13, 34, 16, 35, 15
2021/4/14, 37, 16, 38, 13
2021/4/15, 39, 14, 30, 10
2021/4/16, 34, 13, 36, 8
2021/4/17, 39, 11, 31, 6
2021/4/18, 36, 20, 17, 18
2021/4/19, 57, 30, 39, 15
2021/4/20, 70, 26, 48, 17
2021/4/21, 61, 23, 38, 10
2021/4/22, 58, 19, 40, 14
2021/4/23, 44, 21, 43, 13
2021/4/24, 48, 16, 43, 5
2021/4/25, 43, 14, 43, 7
2021/4/26, 36, 20, 48, 10
2021/4/27, 41, 27, 55, 15
2021/4/28, 54, 23, 40, 11
2021/4/29, 45, 19, 29, 11
2021/4/30, 45, 21, 29, 8
2021/5/1, 66, 21, 43, 7
2021/5/2, 69, 17, 43, 14
2021/5/3, 46, 18, 45, 14
2021/5/4, 36, 13, 34, 9
2021/5/5, 20, 13, 29, 14
2021/5/6, 19, 10, 35, 10
2021/5/7, 18, 14, 33, 16
2021/5/8, 31, 14, 42, 13
2021/5/9, 32, 19, 34, 15
2021/5/10, 33, 15, 26, 11
2021/5/11, 28, 16, 25, 11
2021/5/12, 27, 17, 35, 7
2021/5/13, 28, 9, 34, 8
2021/5/14, 15, 7, 36, 8
2021/5/15, 13, 7, 35, 5
2021/5/16, 13, 7, 28, 9
2021/5/17, 11, 9, 29, 12
2021/5/18, 13, 11, 31, 9
2021/5/19, 17, 10, 32, 11
2021/5/20, 15, 10, 35, 13
2021/5/21, 17, 9, 34, 7
2021/5/22, 14, 6, 31, 6
2021/5/23, 11, 7, 26, 11
2021/5/24, 17, 8, 30, 8
2021/5/25, 15, 9, 29, 11
2021/5/26, 16, 8, 33, 11
2021/5/27, 15, 10, 32, 7
2021/5/28, 24, 10, 36, 7
2021/5/29, 25, 9, 37, 8
2021/5/30, 23, 10, 43, 8
2021/5/31, 24, 14, 47, 12
2021/6/1, 29, 17, 52, 14
2021/6/2, 35, 18, 32, 13
2021/6/3, 41, 14, 22, 15
2021/6/4, 36, 14, 28, 10
2021/6/5, 34, 10, 23, 6
2021/6/6, 29, 19, 16, 9
2021/6/7, 58, 25, 33, 9
2021/6/8, 66, 27, 34, 12
2021/6/9, 69, 20, 45, 13
2021/6/10, 55, 18, 50, 13
2021/6/11, 52, 19, 34, 12
2021/6/12, 53, 13, 39, 6
2021/6/13, 35, 12, 40, 9
2021/6/14, 29, 15, 49, 12
2021/6/15, 34, 17, 62, 14
2021/6/16, 36, 23, 76, 16
2021/6/17, 45, 29, 60, 17
2021/6/18, 56, 30, 51, 8
2021/6/19, 57, 37, 35, 7
2021/6/20, 64, 28, 36, 9
2021/6/21, 48, 14, 32, 9
2021/6/22, 29, 12, 34, 9
2021/6/23, 27, 11, 31, 11
2021/6/24, 25, 10, 27, 10
2021/6/25, 21, 15, 38, 8
2021/6/26, 42, 15, 40, 11
2021/6/27, 47, 12, 44, 9
2021/6/28, 31, 11, 32, 9
2021/6/29, 27, 11, 25, 10
2021/6/30, 18, 10, 20, 10
2021/1/4, 67, 19, 8, 9
2021/1/5, 64, 12, 2, 10
2021/1/6, 49, 9, 7, 14
2021/1/7, 30, 12, 15, 12
2021/1/8, 38, 14, 13, 10
2021/1/9, 46, 16, 10, 12
2021/1/10, 58, 23, 7, 19
2021/1/11, 62, 25, 22, 14
2021/1/12, 58, 12, 24, 18
2021/1/13, 24, 18, 16, 15
2021/1/14, 29, 19, 15, 12
2021/1/15, 43, 19, 16, 12
2021/1/16, 56, 22, 12, 16
2021/1/17, 62, 13, 25, 17
2021/1/18, 43, 19, 29, 17
2021/1/19, 32, 32, 19, 25
2021/1/20, 40, 44, 31, 19
2021/1/21, 52, 28, 33, 12
2021/1/22, 31, 14, 23, 11
2021/1/23, 24, 9, 29, 8
2021/1/24, 21, 14, 18, 18
2021/1/25, 30, 14, 27, 13
2021/1/26, 31, 19, 18, 18
2021/1/27, 33, 11, 29, 13
2021/1/28, 26, 7, 32, 11
2021/1/29, 14, 6, 29, 11
2021/1/30, 14, 7, 14, 8
2021/1/31, 26, 12, 20, 19
2021/2/1, 42, 7, 19, 16
2021/2/2, 18, 8, 32, 14
2021/2/3, 16, 13, 26, 20
2021/2/4, 18, 23, 3, 22
2021/2/5, 43, 19, 1, 14
2021/2/6, 57, 27, 23, 9
2021/2/7, 69, 14, 11, 12
2021/2/8, 43, 29, 13, 15
2021/2/9, 81, 37, 28, 14
2021/2/10, 97, 23, 27, 17
2021/2/11, 65, 21, 29, 15
2021/2/12, 57, 15, 34, 7
2021/2/13, 45, 16, 32, 16
2021/2/14, 38, 41, 14, 27
2021/2/15, 54, 43, 11, 30
2021/2/16, 69, 31, 28, 20
2021/2/17, 52, 35, 23, 25
2021/2/18, 52, 34, 24, 20
2021/2/19, 47, 29, 21, 22
2021/2/20, 53, 36, 29, 19
2021/2/21, 65, 35, 8, 21
2021/2/22, 63, 50, 16, 22
2021/2/23, 74, 60, 14, 24
2021/2/24, 88, 75, 16, 24
2021/2/25, 108, 76, 20, 18
2021/2/26, 107, 32, 31, 10
2021/2/27, 58, 13, 28, 9
2021/2/28, 46, 21, 29, 20
2021/3/1, 54, 29, 22, 23
2021/3/2, 58, 43, 4, 27
2021/3/3, 76, 53, 32, 21
2021/3/4, 86, 27, 19, 11
2021/3/5, 55, 13, 32, 11
2021/3/6, 39, 16, 25, 18
2021/3/7, 50, 24, 30, 17
2021/3/8, 64, 25, 23, 19
2021/3/9, 59, 28, 29, 18
2021/3/10, 67, 23, 33, 11
2021/3/11, 50, 13, 33, 12
2021/3/12, 21, 11, 36, 8
2021/3/13, 17, 5, 32, 8
2021/3/14, 11, 6, 27, 13
2021/3/15, 16, 10, 27, 12
2021/3/16, 21, 11, 22, 12
2021/3/17, 25, 14, 29, 15
2021/3/18, 30, 18, 24, 13
2021/3/19, 42, 11, 30, 9
2021/3/20, 38, 13, 26, 10
2021/3/21, 33, 18, 26, 14
2021/3/22, 48, 23, 28, 15
2021/3/23, 52, 28, 24, 23
2021/3/24, 64, 30, 34, 22
2021/3/25, 63, 29, 41, 22
2021/3/26, 61, 20, 36, 10
2021/3/27, 43, 10, 39, 12
2021/3/28, 21, 17, 38, 23
2021/3/29, 33, 26, 47, 24
2021/3/30, 46, 31, 45, 24
2021/3/31, 54, 34, 43, 22
2020/10/1, 48, 13, 21, 13
2020/10/2, 33, 12, 26, 12
2020/10/3, 30, 6, 31, 11
2020/10/4, 15, 7, 24, 13
2020/10/5, 22, 14, 22, 15
2020/10/6, 27, 10, 22, 14
2020/10/7, 20, 12, 24, 17
2020/10/8, 39, 14, 22, 15
2020/10/9, 54, 8, 20, 14
2020/10/10, 24, 8, 15, 11
2020/10/11, 23, 10, 19, 17
2020/10/12, 26, 14, 19, 14
2020/10/13, 33, 16, 11, 14
2020/10/14, 39, , 10, 11
2020/10/16, 18, 9, 12, 11
2020/10/17, 26, 15, 15, 12
2020/10/18, 52, 21, 24, 16
2020/10/19, 70, 55, 6, 21
2020/10/20, 90, 54, 2, 21
2020/10/21, 82, 42, 18, 26
2020/10/22, 68, 34, 10, 17
2020/10/23, 55, 12, 26, 15
2020/10/24, 26, 12, 23, 16
2020/10/25, 30, 10, 18, 15
2020/10/26, 25, 14, 21, 15
2020/10/27, 36, 20, 20, 16
2020/10/28, 37, 21, 21, 15
2020/10/29, 30, 18, 24, 16
2020/10/30, 24, 16, 17, 19
2020/10/31, 34, 16, 19, 13
2020/11/1, 45, 15, 18, 15
2020/11/2, 33, 19, 23, 16
2020/11/3, 35, 13, 19, 10
2020/11/4, 26, 20, 10, 14
2020/11/5, 42, 27, 7, 15
2020/11/6, 56, 21, 5, 13
2020/11/7, 52, 22, 5, 15
2020/11/8, 58, 34, 4, 19
2020/11/9, 69, 34, 1, 12
2020/11/10, 68, 29, 2, 14
2020/11/11, 65, 28, 6, 19
2020/11/12, 62, 24, 12, 19
2020/11/13, 52, 22, 17, 18
2020/11/14, 51, 24, 18, 16
2020/11/15, 57, 15, 23, 14
2020/11/16, 34, 13, 22, 19
2020/11/17, 23, 24, 4, 20
2020/11/18, 45, 29, 27, 17
2020/11/19, 52, 17, 17, 13
2020/11/20, 33, 23, 11, 21
2020/11/21, 55, 25, 11, 19
2020/11/22, 67, 27, 1, 23
2020/11/23, 65, 31, 5, 19
2020/11/24, 65, 36, 2, 17
2020/11/25, 71, 35, 3, 20
2020/11/26, 70, 37, 4, 22
2020/11/27, 71, 30, 6, 17
2020/11/28, 69, 20, 20, 9
2020/11/29, 63, 29, 6, 22
2020/11/30, 76, 34, 2, 19
2020/12/1, 78, 19, 12, 13
2020/12/2, 56, 34, 9, 16
2020/12/3, 71, 47, 3, 18
2020/12/4, 69, 33, 2, 17
2020/12/5, 70, 17, 12, 12
2020/12/6, 59, 14, 14, 15
2020/12/7, 40, 26, 7, 15
2020/12/8, 56, 31, 9, 16
2020/12/9, 78, 26, 9, 15
2020/12/10, 69, 38, 10, 19
2020/12/11, 68, 24, 8, 17
2020/12/12, 49, 8, 14, 12
2020/12/13, 24, 16, 4, 19
2020/12/14, 37, 32, , 21
2020/12/15, 60, 28, 5, 18
2020/12/16, 60, 31, 1, 19
2020/12/17, 59, 36, 2, 18
2020/12/18, 61, 27, 3, 20
2020/12/19, 60, 21, 2, 18
2020/12/20, 55, 20, 14, 16
2020/12/21, 54, 12, 17, 10
2020/12/22, 28, 7, 26, 13
2020/12/23, 16, 7, 26, 6
2020/12/24, 14, 4, 21, 6
2020/12/25, 10, 5, 16, 12
2020/12/26, 15, , 28, 9
2020/12/30, 19, 7, 15, 13
2020/12/31, 22, 9, 15, 10
2021/1/1, 33, 13, 13, 10
2021/1/2, 50, 13, 14, 8
2021/1/3, 53, 19, 15, 10
2020/7/1, 23, 12, 26, 11
2020/7/2, 21, 10, 31, 11
2020/7/3, 16, 10, 36, 15
2020/7/4, 21, 10, 27, 8
2020/7/5, 22, 8, 28, 9
2020/7/6, 16, 12, 39, 9
2020/7/7, 22, 14, 36, 16
2020/7/8, 24, 16, 31, 16
2020/7/9, 27, 18, 31, 13
2020/7/10, 29, 12, 38, 6
2020/7/11, 20, 8, 40, 8
2020/7/12, 20, 9, 42, 9
2020/7/13, 20, 14, 53, 18
2020/7/14, 27, 16, 36, 13
2020/7/15, 31, 12, 19, 12
2020/7/16, 26, 10, 34, 8
2020/7/17, 21, 10, 41, 13
2020/7/18, 27, 13, 46, 12
2020/7/19, 36, 16, 59, 16
2020/7/20, 39, 23, 44, 9
2020/7/21, 44, 18, 58, 11
2020/7/22, 31, 19, 54, 16
2020/7/23, 34, 20, 43, 19
2020/7/24, 37, 17, 35, 11
2020/7/25, 31, 13, 25, 10
2020/7/26, 26, 9, 36, 13
2020/7/27, 17, 17, 30, 13
2020/7/28, 27, 17, 42, 10
2020/7/29, 25, 17, 61, 14
2020/7/30, 26, 20, 71, 18
2020/7/31, 32, 24, 73, 19
2020/8/1, 46, 22, 39, 11
2020/8/2, 51, 15, 29, 8
2020/8/3, 42, 12, 31, 10
2020/8/4, 28, 13, 42, 9
2020/8/5, 29, 13, 46, 10
2020/8/6, 29, 15, 51, 13
2020/8/7, 35, 22, 62, 13
2020/8/8, 54, 22, 64, 14
2020/8/9, 59, 27, 68, 15
2020/8/10, 65, 32, 71, 18
2020/8/11, 68, 31, 64, 12
2020/8/12, 65, 31, 30, 18
2020/8/13, 64, 21, 44, 15
2020/8/14, 49, 12, 52, 11
2020/8/15, 31, 12, 52, 9
2020/8/16, 36, 11, 38, 12
2020/8/17, 27, 11, 38, 12
2020/8/18, 22, 10, 39, 11
2020/8/19, 18, 13, 45, 15
2020/8/20, 24, 17, 47, 18
2020/8/21, 33, 14, 30, 12
2020/8/22, 29, 8, 35, 9
2020/8/23, 19, 8, 35, 14
2020/8/24, 16, 11, 32, 16
2020/8/25, 20, 13, 34, 11
2020/8/26, 20, 17, 38, 14
2020/8/27, 25, 17, 20, 14
2020/8/28, 30, 9, 20, 9
2020/8/29, 17, 7, 16, 11
2020/8/30, 17, 7, 21, 12
2020/8/31, 17, 11, 25, 10
2020/9/1, 25, 12, 34, 11
2020/9/2, 31, 13, 40, 18
2020/9/3, 31, 14, 41, 19
2020/9/4, 30, 19, 37, 15
2020/9/5, 41, 13, 34, 5
2020/9/6, 31, 10, 35, 11
2020/9/7, 24, 15, 49, 16
2020/9/8, 30, 19, 49, 20
2020/9/9, 42, 21, 22, 16
2020/9/10, 45, 19, 35, 17
2020/9/11, 42, 20, 46, 18
2020/9/12, 50, 18, 55, 16
2020/9/13, 51, 22, 45, 17
2020/9/14, 54, 29, 69, 22
2020/9/15, 62, 32, 51, 25
2020/9/16, 66, 35, 34, 12
2020/9/17, 72, 22, 42, 9
2020/9/18, 52, 18, 40, 16
2020/9/19, 39, 21, 43, 15
2020/9/20, 51, 20, 48, 18
2020/9/21, 49, 28, 58, 22
2020/9/22, 59, 24, 34, 18
2020/9/23, 53, 16, 29, 15
2020/9/24, 38, 9, 26, 14
2020/9/25, 20, 7, 22, 10
2020/9/26, 15, 4, 24, 10
2020/9/27, 12, 7, 23, 14
2020/9/28, 17, 11, 9, 17
2020/9/29, 22, 13, 27, 12
2020/9/30, 34, 16, 24, 17
2020/4/1, 46, 28, 34, 20
2020/4/2, 62, 31, 35, 14
2020/4/3, 69, 19, 40, 11
2020/4/4, 53, 19, 44, 10
2020/4/5, 55, 26, 50, 18
2020/4/6, 57, 31, 59, 16
2020/4/7, 61, 31, 51, 17
2020/4/8, 61, 34, 61, 17
2020/4/9, 66, 31, 57, 10
2020/4/10, 66, 22, 45, 10
2020/4/11, 52, 17, 48, 8
2020/4/12, 38, 17, 42, 6
2020/4/13, 43, 18, 39, 7
2020/4/14, 40, 17, 39, 14
2020/4/15, 34, 26, 47, 19
2020/4/16, 50, 32, 47, 16
2020/4/17, 56, 32, 44, 10
2020/4/18, 57, 23, 41, 4
2020/4/19, 48, 17, 42, 4
2020/4/20, 40, 21, 47, 4
2020/4/21, 31, 23, 48, 9
2020/4/22, 34, 22, 55, 11
2020/4/23, 39, 27, 63, 19
2020/4/24, 51, 26, 47, 7
2020/4/25, 55, 16, 50, 7
2020/4/26, 36, 15, 44, 14
2020/4/27, 32, 20, 29, 16
2020/4/28, 37, 15, 34, 11
2020/4/29, 25, 11, 31, 12
2020/4/30, 16, 8, 35, 5
2020/5/1, 12, 6, 35, 7
2020/5/2, 11, 7, 45, 6
2020/5/3, 16, 10, 25, 15
2020/5/4, 22, 13, 38, 6
2020/5/5, 33, 13, 39, 9
2020/5/6, 28, 15, 48, 15
2020/5/7, 29, 18, 59, 17
2020/5/8, 36, 19, 45, 12
2020/5/9, 42, 19, 39, 9
2020/5/10, 51, 12, 21, 8
2020/5/11, 33, 8, 31, 8
2020/5/12, 17, 14, 26, 13
2020/5/13, 32, 17, 28, 9
2020/5/14, 53, 20, 42, 8
2020/5/15, 59, 17, 49, 13
2020/5/16, 53, 16, 52, 10
2020/5/17, 49, 16, 48, 15
2020/5/18, 41, 17, 49, 15
2020/5/19, 36, 17, 43, 13
2020/5/20, 33, 17, 47, 10
2020/5/21, 44, 17, 44, 19
2020/5/22, 48, 18, 25, 11
2020/5/23, 45, 8, 33, 7
2020/5/24, 18, 10, 33, 11
2020/5/25, 22, 14, 35, 10
2020/5/26, 33, 14, 42, 11
2020/5/27, 30, 15, 40, 11
2020/5/28, 31, 13, 41, 7
2020/5/29, 25, 12, 37, 8
2020/5/30, 26, 8, 40, 3
2020/5/31, 16, 8, 45, 4
2020/6/1, 15, 16, 46, 11
2020/6/2, 31, 21, 47, 18
2020/6/3, 39, 17, 34, 14
2020/6/4, 34, 13, 25, 11
2020/6/5, 27, 8, 18, 9
2020/6/6, 17, 6, 26, 7
2020/6/7, 15, 9, 33, 8
2020/6/8, 19, 12, 22, 12
2020/6/9, 26, 16, 24, 12
2020/6/10, 46, 14, 30, 7
2020/6/11, 44, 11, 46, 9
2020/6/12, 32, 11, 41, 12
2020/6/13, 26, 8, 30, 8
2020/6/14, 17, 9, 21, 12
2020/6/15, 21, 12, 30, 12
2020/6/16, 31, 14, 31, 11
2020/6/17, 35, 11, 31, 11
2020/6/18, 24, 10, 27, 13
2020/6/19, 16, 10, 36, 10
2020/6/20, 19, 9, 40, 10
2020/6/21, 23, 9, 37, 10
2020/6/22, 19, 13, 44, 9
2020/6/23, 24, 16, 49, 10
2020/6/24, 32, 15, 42, 9
2020/6/25, 26, 15, 58, 15
2020/6/26, 31, 19, 39, 12
2020/6/27, 49, 16, 25, 9
2020/6/28, 43, 8, 24, 8
2020/6/29, 18, 9, 30, 10
2020/6/30, 16, 12, 33, 14
2020/1/1, 171, 45, 1, 19
2020/1/2, 121, 27, 22, 19
2020/1/3, 77, 13, 28, 15
2020/1/4, 37, 11, 24, 15
2020/1/5, 34, 15, 4, 17
2020/1/6, 55, 20, 5, 24
2020/1/7, 64, 20, 1, 23
2020/1/8, 57, 22, 11, 24
2020/1/9, 56, 18, 26, 20
2020/1/10, 36, 12, 17, 18
2020/1/11, 29, 19, 8, 18
2020/1/12, 55, 17, 5, 21
2020/1/13, 54, 20, 11, 25
2020/1/14, 50, 24, 15, 27
2020/1/15, 50, 26, 17, 28
2020/1/16, 50, 27, 17, 25
2020/1/17, 57, 17, 23, 17
2020/1/18, 39, 12, 17, 13
2020/1/19, 30, 14, 18, 18
2020/1/20, 47, 22, 7, 19
2020/1/21, 57, 33, 3, 19
2020/1/22, 84, 38, 5, 18
2020/1/23, 94, 36, 2, 23
2020/1/24, 85, 50, 1, 25
2020/1/25, 104, 44, 2, 20
2020/1/26, 102, 39, 24, 22
2020/1/27, 84, 24, 31, 17
2020/1/28, 41, 18, 27, 19
2020/1/29, 25, 24, 22, 21
2020/1/30, 34, 21, 20, 17
2020/1/31, 30, 18, 29, 19
2020/2/1, 27, 10, 30, 12
2020/2/2, 21, 6, 28, 21
2020/2/3, 15, 13, 27, 15
2020/2/4, 25, 10, 23, 18
2020/2/5, 23, 21, 11, 26
2020/2/6, 45, 29, 13, 24
2020/2/7, 61, 33, 6, 25
2020/2/8, 80, 31, 1, 18
2020/2/9, 76, 14, , 10
2020/2/10, 27, 11, , 15
2020/2/11, 21, 12, , 17
2020/2/12, 22, 15, , 22
2020/2/13, 27, 12, , 18
2020/2/14, 23, 14, , 24
2020/2/15, 31, 16, , 21
2020/2/16, 39, 12, , 21
2020/2/17, 27, 8, , 17
2020/2/18, 17, 11, , 16
2020/2/19, 21, 13, , 22
2020/2/20, 24, 14, , 17
2020/2/21, 26, 13, , 20
2020/2/22, 27, 11, , 9
2020/2/23, 27, 8, 18, 15
2020/2/24, 19, 17, 31, 17
2020/2/25, 31, 10, 31, 14
2020/2/26, 18, 12, 27, 17
2020/2/27, 20, 13, 30, 19
2020/2/28, 22, 20, 32, 19
2020/2/29, 37, 18, 35, 13
2020/3/1, 32, 10, 25, 19
2020/3/2, 16, 12, 23, 21
2020/3/3, 23, 17, 27, 24
2020/3/4, 28, 22, 29, 25
2020/3/5, 40, 9, 26, 14
2020/3/6, 18, 9, 30, 15
2020/3/7, 30, 12, 32, 14
2020/3/8, 39, 9, 29, 17
2020/3/9, 24, 10, 24, 15
2020/3/10, 21, 9, 28, 12
2020/3/11, 15, 13, 32, 14
2020/3/12, 19, 9, 32, 14
2020/3/13, 18, 13, 30, 18
2020/3/14, 32, 16, 35, 19
2020/3/15, 43, 17, 29, 23
2020/3/16, 42, 25, 27, 22
2020/3/17, 49, 27, 29, 19
2020/3/18, 59, 31, 34, 17
2020/3/19, 71, 35, 32, 13
2020/3/20, 76, 26, 24, 4
2020/3/21, 70, 7, 35, 2
2020/3/22, 28, 9, 34, 5
2020/3/23, 26, 14, 36, 7
2020/3/24, 39, 21, 40, 7
2020/3/25, 58, 19, 33, 6
2020/3/26, 55, 28, 33, 13
2020/3/27, 61, 49, 41, 14
2020/3/28, 78, 39, 33, 4
2020/3/29, 74, 9, 34, 5
2020/3/30, 27, 13, 36, 13
2020/3/31, 26, 18, 37, 14
2019/10/1, 22, 11, 21, 15
2019/10/2, 21, 8, 23, 15
2019/10/3, 18, 10, 15, 21
2019/10/4, 25, 10, 16, 14
2019/10/5, 27, 8, 10, 12
2019/10/6, 25, 10, 17, 14
2019/10/7, 32, 15, 16, 17
2019/10/8, 32, 15, 19, 18
2019/10/9, 24, 12, 20, 19
2019/10/10, 23, 15, 22, 20
2019/10/11, 25, 19, 21, 25
2019/10/12, 36, 20, 23, 22
2019/10/13, 48, 26, 24, 22
2019/10/14, 51, 33, 19, 22
2019/10/15, 52, 20, 24, 19
2019/10/16, 29, 19, 25, 23
2019/10/17, 30, 16, 17, 21
2019/10/18, 31, 11, 17, 20
2019/10/19, 24, 12, 11, 14
2019/10/20, 35, 21, 9, 15
2019/10/21, 51, 20, 11, 18
2019/10/22, 45, 27, 5, 13
2019/10/23, 59, 24, 6, 17
2019/10/24, 55, 22, 19, 22
2019/10/25, 42, 20, 12, 19
2019/10/26, 40, 17, 22, 16
2019/10/27, 41, 13, 20, 11
2019/10/28, 34, 17, 10, 12
2019/10/29, 45, 22, 18, 12
2019/10/30, 58, 22, 14, 16
2019/10/31, 60, 19, 10, 15
2019/11/1, 56, 9, 23, 18
2019/11/2, 25, 9, 19, 16
2019/11/3, 21, 8, 22, 19
2019/11/4, 16, 13, 20, 22
2019/11/5, 22, 12, 17, 19
2019/11/6, 24, 12, 16, 20
2019/11/7, 25, 10, 17, 21
2019/11/8, 24, 6, 21, 19
2019/11/9, 20, 14, 6, 14
2019/11/10, 45, 15, 6, 16
2019/11/11, 53, 16, 22, 21
2019/11/12, 43, 12, 24, 19
2019/11/13, 27, 14, 13, 22
2019/11/14, 33, 21, 2, 17
2019/11/15, 56, 27, 2, 19
2019/11/16, 69, 23, 3, 15
2019/11/17, 68, 13, 18, 17
2019/11/18, 42, 17, 13, 21
2019/11/19, 32, 19, 6, 16
2019/11/20, 49, 26, 5, 21
2019/11/21, 65, 30, 2, 17
2019/11/22, 73, 24, 1, 21
2019/11/23, 63, 29, 1, 17
2019/11/24, 69, 31, 1, 16
2019/11/25, 82, 28, 2, 19
2019/11/26, 70, 26, 21, 22
2019/11/27, 59, 13, 23, 21
2019/11/28, 26, 10, 19, 19
2019/11/29, 20, 13, 16, 20
2019/11/30, 31, 15, 11, 15
2019/12/1, 46, 16, 14, 21
2019/12/2, 52, 21, 9, 30
2019/12/3, 53, 26, 5, 25
2019/12/4, 63, 32, 3, 24
2019/12/5, 79, 38, 3, 28
2019/12/6, 84, 26, 22, 19
2019/12/7, 54, 10, 26, 17
2019/12/8, 27, 9, 29, 20
2019/12/9, 20, 15, 21, 24
2019/12/10, 31, 25, 7, 27
2019/12/11, 52, 13, 17, 22
2019/12/12, 32, 12, 24, 22
2019/12/13, 26, 9, 33, 21
2019/12/14, 25, 10, 30, 19
2019/12/15, 27, 14, 6, 28
2019/12/16, 32, 33, 1, 25
2019/12/17, 56, 41, , 25
2019/12/18, 65, 37, 2, 22
2019/12/19, 65, 34, 12, 27
2019/12/20, 63, 15, 20, 24
2019/12/21, 37, 10, 25, 18
2019/12/22, 28, 6, 26, 19
2019/12/23, 17, 6, 25, 17
2019/12/24, 19, 6, 26, 12
2019/12/25, 18, 6, 8, 16
2019/12/26, 23, 9, 11, 14
2019/12/27, 35, 12, 15, 12
2019/12/28, 48, 17, , 20
2019/12/29, 60, , , 
2019/7/1, 57, 22, 50, 11
2019/7/2, 42, 16, 44, 10
2019/7/3, 31, 15, 51, 14
2019/7/4, 28, 19, 51, 24
2019/7/5, 35, 18, 47, 24
2019/7/6, 37, 15, 36, 12
2019/7/7, 35, 14, 38, 12
2019/7/8, 39, 15, 34, 11
2019/7/9, 35, 12, 43, 15
2019/7/10, 24, 17, 26, 26
2019/7/11, 31, 14, 29, 22
2019/7/12, 31, 12, 31, 15
2019/7/13, 34, 12, 28, 12
2019/7/14, 37, 11, 34, 10
2019/7/15, 28, 16, 40, 15
2019/7/16, 48, 18, 49, 21
2019/7/17, 52, 20, 49, 26
2019/7/18, 52, 20, 40, 22
2019/7/19, 46, 22, 43, 25
2019/7/20, 50, 17, 31, 15
2019/7/21, 41, 10, 45, 21
2019/7/22, 26, , 59, 17
2019/7/24, 45, 26, 76, 24
2019/7/25, 56, 29, 83, 28
2019/7/26, 61, 22, 47, 16
2019/7/27, 54, 12, 28, 14
2019/7/28, 37, 10, 40, 13
2019/7/29, 27, 18, 48, 16
2019/7/30, 43, 16, 31, 15
2019/7/31, 34, 14, 40, 16
2019/8/1, 27, 19, 42, 19
2019/8/2, 34, 16, 41, 18
2019/8/3, 36, 15, 54, 15
2019/8/4, 48, 15, 43, 21
2019/8/5, 41, 19, 41, 22
2019/8/6, 46, 15, 18, 17
2019/8/7, 35, 9, 37, 14
2019/8/8, 21, 14, 36, 21
2019/8/9, 32, 13, 31, 16
2019/8/10, 32, 11, 35, 11
2019/8/11, 29, 8, 28, 17
2019/8/12, 22, 8, 31, 17
2019/8/13, 18, 11, 29, 15
2019/8/14, 23, 14, 24, 21
2019/8/15, 29, 10, 29, 14
2019/8/16, 24, 13, 26, 18
2019/8/17, 32, 10, 33, 14
2019/8/18, 27, 9, 29, 14
2019/8/19, 21, 10, 16, 17
2019/8/20, 22, 11, 35, 10
2019/8/21, 24, 13, 40, 14
2019/8/22, 29, 15, 43, 15
2019/8/23, 36, 20, 41, 16
2019/8/24, 52, 24, 48, 16
2019/8/25, 65, 23, 47, 19
2019/8/26, 61, 28, 55, 23
2019/8/27, 65, 29, 57, 22
2019/8/28, 62, 29, 35, 26
2019/8/29, 60, 24, 55, 18
2019/8/30, 56, 25, 51, 20
2019/8/31, 62, 18, 34, 14
2019/9/1, 51, 10, 35, 13
2019/9/2, 24, 14, 46, 21
2019/9/3, 26, 19, 46, 23
2019/9/4, 34, 18, 27, 17
2019/9/5, 32, 13, 29, 13
2019/9/6, 24, 13, 30, 16
2019/9/7, 25, 8, 19, 12
2019/9/8, 20, 8, 22, 17
2019/9/9, 26, 18, 29, 17
2019/9/10, 46, 17, 34, 24
2019/9/11, 43, 16, 28, 20
2019/9/12, 38, 14, 22, 16
2019/9/13, 29, 13, 25, 14
2019/9/14, 30, 13, 38, 15
2019/9/15, 38, 19, 37, 21
2019/9/16, 42, 18, 24, 15
2019/9/17, 41, 14, 28, 10
2019/9/18, 30, 15, 29, 13
2019/9/19, 26, 17, 28, 15
2019/9/20, 28, 19, 28, 20
2019/9/21, 37, 19, 28, 20
2019/9/22, 43, 14, 22, 21
2019/9/23, 35, 14, 16, 19
2019/9/24, 25, 11, 18, 17
2019/9/25, 23, 11, 16, 16
2019/9/26, 20, 12, 19, 19
2019/9/27, 24, 13, 24, 18
2019/9/28, 26, 12, 31, 16
2019/9/29, 24, 11, 26, 16
2019/9/30, 20, 12, 19, 19
2019/4/1, 81, 41, 54, 28
2019/4/2, 92, 24, 41, 20
2019/4/3, 54, 11, 32, 17
2019/4/4, 26, 13, 25, 15
2019/4/5, 36, 22, 33, 20
2019/4/6, 62, 27, 40, 20
2019/4/7, 73, 17, 31, 20
2019/4/8, 50, 18, 19, 23
2019/4/9, 48, 32, 28, 15
2019/4/10, 83, 34, 40, 12
2019/4/11, 83, 28, 33, 13
2019/4/12, 71, 30, 24, 12
2019/4/13, 79, 28, 36, 9
2019/4/14, 82, 25, 46, 14
2019/4/15, 72, 33, 40, 27
2019/4/16, 78, 28, 46, 21
2019/4/17, 72, 25, 54, 21
2019/4/18, 62, 20, 60, 18
2019/4/19, 48, 16, 59, 19
2019/4/20, 42, 20, 61, 22
2019/4/21, 51, 16, 61, 18
2019/4/22, 42, 21, 44, 15
2019/4/23, 42, 33, 48, 19
2019/4/24, 52, 21, 42, 19
2019/4/25, 30, 12, 37, 19
2019/4/26, 19, 9, 35, 17
2019/4/27, 21, 8, 36, 13
2019/4/28, 19, 8, 29, 16
2019/4/29, 19, 19, 37, 17
2019/4/30, 48, 29, 54, 17
2019/5/1, 68, 23, 45, 22
2019/5/2, 57, 20, 33, 15
2019/5/3, 57, 11, 27, 14
2019/5/4, 33, 9, 34, 10
2019/5/5, 27, 11, 36, 18
2019/5/6, 33, 19, 39, 20
2019/5/7, 51, 20, 32, 28
2019/5/8, 49, 10, 34, 19
2019/5/9, 22, 11, 33, 21
2019/5/10, 19, 12, 34, 16
2019/5/11, 25, 9, 35, 8
2019/5/12, 27, 12, 41, 10
2019/5/13, 27, 13, 38, 13
2019/5/14, 23, 12, 34, 10
2019/5/15, 23, 15, 32, 14
2019/5/16, 30, 20, 36, 17
2019/5/17, 48, 16, 37, 16
2019/5/18, 42, 13, 40, 13
2019/5/19, 40, 13, 28, 19
2019/5/20, 41, 17, 27, 19
2019/5/21, 55, 13, 32, 15
2019/5/22, 42, 18, 43, 15
2019/5/23, 51, 18, 48, 21
2019/5/24, 45, 21, 43, 23
2019/5/25, 53, 17, 39, 14
2019/5/26, 50, 13, 27, 17
2019/5/27, 34, 10, 28, 17
2019/5/28, 23, 10, 29, 14
2019/5/29, 27, 13, 41, 16
2019/5/30, 34, 14, 30, 18
2019/5/31, 28, 14, 42, 17
2019/6/1, 30, 14, 45, 17
2019/6/2, 38, 16, 41, 22
2019/6/3, 35, 21, 51, 18
2019/6/4, 42, 21, 52, 18
2019/6/5, 45, 18, 37, 15
2019/6/6, 35, 13, 42, 15
2019/6/7, 31, 13, 36, 13
2019/6/8, 26, 11, 38, 15
2019/6/9, 26, 10, 28, 11
2019/6/10, 25, 10, 26, 16
2019/6/11, 25, 11, 29, 16
2019/6/12, 28, 11, 39, 16
2019/6/13, 25, 17, 38, 23
2019/6/14, 34, 18, 39, 17
2019/6/15, 37, 10, 36, 12
2019/6/16, 25, 12, 44, 13
2019/6/17, 33, 17, 55, 19
2019/6/18, 45, 19, 49, 25
2019/6/19, 48, 16, 31, 11
2019/6/20, 39, 9, 39, 11
2019/6/21, 21, 12, 27, 13
2019/6/22, 35, 11, 38, 8
2019/6/23, 36, 14, 46, 12
2019/6/24, 40, 17, 64, 17
2019/6/25, 43, 27, 81, 23
2019/6/26, 60, 35, 57, 16
2019/6/27, 70, 21, 44, 13
2019/6/28, 45, 15, 62, 16
2019/6/29, 33, 17, 65, 22
2019/6/30, 42, 27, 45, 22
2019/1/1, 134, 15, 27, 14
2019/1/2, 41, 15, 13, 22
2019/1/3, 36, 19, 15, 21
2019/1/4, 58, 14, 17, 18
2019/1/5, 50, 5, 20, 13
2019/1/6, 20, 8, 15, 18
2019/1/7, 26, 14, 25, 16
2019/1/8, 41, 7, 25, 17
2019/1/9, 20, 10, 14, 18
2019/1/10, 28, 15, 8, 25
2019/1/11, 46, 14, 14, 23
2019/1/12, 41, 7, 22, 19
2019/1/13, 22, 6, 26, 19
2019/1/14, 16, 11, 22, 22
2019/1/15, 24, 19, 16, 25
2019/1/16, 42, 20, 25, 25
2019/1/17, 44, 14, 25, 24
2019/1/18, 32, 24, 13, 26
2019/1/19, 57, 34, 7, 23
2019/1/20, 83, 41, 6, 24
2019/1/21, 105, 45, 16, 27
2019/1/22, 104, 38, 17, 21
2019/1/23, 90, 48, 9, 22
2019/1/24, 122, 49, 18, 26
2019/1/25, 118, 42, 24, 25
2019/1/26, 64, 12, 29, 21
2019/1/27, 27, 11, 24, 23
2019/1/28, 19, 15, 24, 24
2019/1/29, 29, 26, 25, 25
2019/1/30, 45, 22, 22, 30
2019/1/31, 35, 27, 13, 30
2019/2/1, 47, 22, 5, 24
2019/2/2, 65, 23, 18, 16
2019/2/3, 71, 19, 18, 25
2019/2/4, 58, 30, 13, 30
2019/2/5, 66, 43, 9, 35
2019/2/6, 84, 45, 3, 34
2019/2/7, 85, 26, 24, 28
2019/2/8, 50, 31, 32, 25
2019/2/9, 46, 20, 35, 20
2019/2/10, 36, 10, 30, 18
2019/2/11, 19, 19, 25, 23
2019/2/12, 34, 27, 16, 32
2019/2/13, 50, 36, 7, 37
2019/2/14, 66, 45, 15, 36
2019/2/15, 77, 34, 16, 34
2019/2/16, 68, 37, 17, 30
2019/2/17, 79, 35, 15, 35
2019/2/18, 71, 41, 16, 36
2019/2/19, 68, 32, 19, 29
2019/2/20, 62, 35, 15, 32
2019/2/21, 71, 36, 25, 21
2019/2/22, 77, 19, 34, 11
2019/2/23, 55, 11, 33, 18
2019/2/24, 33, 19, 25, 33
2019/2/25, 40, 33, 10, 32
2019/2/26, 57, 37, 15, 33
2019/2/27, 65, 44, 41, 31
2019/2/28, 68, 25, 28, 22
2019/3/1, 47, 23, 29, 21
2019/3/2, 60, 16, 32, 20
2019/3/3, 43, 13, 38, 23
2019/3/4, 27, 12, 33, 19
2019/3/5, 20, 14, 22, 30
2019/3/6, 29, 22, 34, 27
2019/3/7, 38, 15, 34, 22
2019/3/8, 22, 14, 32, 18
2019/3/9, 26, 10, 40, 13
2019/3/10, 22, 11, 36, 19
2019/3/11, 22, 13, 35, 23
2019/3/12, 25, 12, 37, 19
2019/3/13, 22, 10, 31, 22
2019/3/14, 22, 8, 29, 23
2019/3/15, 21, 8, 27, 19
2019/3/16, 19, 12, 39, 20
2019/3/17, 26, 8, 35, 21
2019/3/18, 18, 14, 33, 24
2019/3/19, 35, 21, 37, 27
2019/3/20, 52, 20, 38, 27
2019/3/21, 49, 25, 33, 29
2019/3/22, 57, 37, 48, 28
2019/3/23, 81, 51, 35, 20
2019/3/24, 128, 34, 35, 17
2019/3/25, 91, 15, 30, 17
2019/3/26, 40, 21, 34, 16
2019/3/27, 57, 20, 34, 21
2019/3/28, 51, 18, 34, 15
2019/3/29, 50, 25, 44, 26
2019/3/30, 62, 30, 52, 22
2019/3/31, 73, 32, 44, 11
2018/11/3, 55, 21, , 11
2018/11/4, 64, 19, , 17
2018/11/5, 58, 31, , 24
2018/11/6, 66, 33, , 27
2018/11/7, 66, 22, , 26
2018/11/8, 54, 21, , 23
2018/11/9, 56, 27, , 21
2018/11/10, 73, 19, , 20
2018/11/11, 57, 15, , 29
2018/11/12, 38, 18, , 27
2018/11/13, 38, 14, , 23
2018/11/14, 37, 17, , 18
2018/11/15, 49, 18, , 20
2018/11/16, 53, 26, , 14
2018/11/17, 72, 19, , 14
2018/11/18, 62, 20, , 12
2018/11/19, 63, 22, , 18
2018/11/20, 65, 26, , 19
2018/11/21, 69, 24, , 20
2018/11/22, 68, 31, , 22
2018/11/23, 76, 21, , 24
2018/11/24, 60, 17, , 16
2018/11/25, 55, 17, 6, 14
2018/11/26, 59, 22, 2, 17
2018/11/27, 67, 27, 3, 20
2018/11/28, 70, 22, 3, 23
2018/11/29, 59, 25, , 24
2018/11/30, 63, 17, 13, 25
2018/12/1, 51, 12, 19, 18
2018/12/2, 38, 7, 21, 23
2018/12/3, 19, 9, 20, 25
2018/12/4, 20, 15, 2, 22
2018/12/5, 43, 18, 10, 23
2018/12/6, 52, 13, 23, 22
2018/12/7, 27, 10, 28, 19
2018/12/8, 22, 7, 32, 16
2018/12/9, 22, 7, 24, 20
2018/12/10, 21, 10, 21, 21
2018/12/11, 25, 15, 7, 19
2018/12/12, 42, 17, 11, 14
2018/12/13, 53, 21, 12, 13
2018/12/14, 66, 24, 12, 17
2018/12/15, 72, 31, 7, 19
2018/12/16, 75, 28, 5, 23
2018/12/17, 76, 17, 9, 28
2018/12/18, 47, 25, 5, 28
2018/12/19, 56, 19, 19, 26
2018/12/20, 47, 16, 23, 24
2018/12/21, 29, 8, 27, 23
2018/12/22, 22, 9, 22, 20
2018/12/23, 28, 5, 20, 13
2018/12/24, 16, 8, 8, 16
2018/12/25, 30, 16, 10, 15
2018/12/26, 56, 24, 1, 19
2018/12/27, 74, 32, 2, 18
2018/12/28, 91, 26, 8, 18
2018/12/29, 82, 17, 20, 16
2018/12/30, 55, , , 
2024/12/31, , 52, 22, 14
2020/10/15, , 8, 9, 12
2020/12/29, , 8, 18, 14
2019/12/31, , 70, , 19
2019/7/23, , 22, 79, 26
2018/12/31, , 49, 20, 15
2018/11/2, , 18, , 15
2020/12/27, , , 27, 15
2020/12/28, , , 25, 12